time,AT100(pH),AT300(pH),AT400(CO2 %),FT100(kg/hr),FT101(kg/hr),FT102(kg/hr),FT103(kg/hr),FT104(kg/hr),FT105(L/min),FT106(kg/hr),FT107(kg/hr),FT108(kg/hr),FT109(kg/hr),FT116(L/min),FT201(kg/hr),FT300(L/min),FT301m3/hr,FT302(kg/hr),FT303m3/hr,FT304(kg/hr),FT305(kg/hr),FT402(kg/hr),LT101(%),LT104(%),LT108(%),LT401(%),PDT105(barg),PT102(barg),PT103(barg),PT104(bar),PT110(barg),PT111(barg),PT115a(barg),PT115b(barg),PT401(barg),PT402(barg),PT403(barg),TT100(0C),TT102(0C),TT103(0C),TT104(0C),TT105(0C),TT107(0C),TT108(0C),TT109(0C),TT110a(0C),TT110b(0C),TT112(0C),TT113(0C),TT117(0C),TT118(0C),TT119(0C),TT120(0C),TT121(0C),TT200(0C),TT201(0C),TT202(0C),TT203(0C),TT204(0C),TT205(0C),TT206(0C),TT207(0C),TT208(0C),TT209(0C),TT210(0C),TT211(0C),TT213(0C),TT214(0C),TT215(0C),TT216(0C),TT217(0C),TT300(0C),TT301(0C),TT302(0C),TT303(0C),TT304(0C),TT305(0C),TT306(0C),TT307(0C),TT308(0C),TT309(0C),TT400(0C),TT401(0C),TT402(0C),TT403(0C),TT404(0C),TT410(0C),TT411(0C),TT412(0C),TT413(0C),label,1_sampling,2_sampling,3_sampling,4_sampling,5_sampling,6_sampling
2014-02-07 15:43:41,0.699103409052892,0.6056932531331398,0.0003265822424888368,0.5390239323951835,0,0.0,0.9939984588122767,0.2753585829785406,0.0018421743436923647,0,0,0.656414581609692,0.6487884683598715,0.010432022853586707,0.3732778396685092,0,0.06151430493404497,0.28705741151664693,0.7394503913249686,0.5622230334249139,0.8828759699437494,0.7326803042534261,0.40030583608971354,0.44136258766229997,0.7727068301862736,0.1912948969520729,0.33901092516969955,0.5547822430833825,0.5599988658554662,0.5826122118790298,0.5523889210535974,0.5467872969327643,0.5578064369377931,0.5518331987332714,0.5583363542230046,0.5602622704631826,0.5616381217167661,0.5987349233921471,0.615697509687493,0.6002247205414193,0.6859940832876328,0.3604108499172305,0.6969866429212477,0.43592112916019765,0.633975843209817,0.6066423600921196,0.45218413042508954,0.465433933945142,0.7149761588268699,0.30517175132560226,0.5480029567101719,0.8661024408253957,0.8655392469115561,0.48827192252504936,0.6157464974817382,0.6086900256233116,0.6147102953880665,0.6099230376449887,0.17082093389121744,0.12248790435660983,0.1650440699520188,0.1420358443205103,0.31860287573816626,0.3448683104712198,0.563790132543857,0.5658804874532894,0.5947151584405876,0.5853802426034382,0.5664969320224631,0.2697873867435985,0.2551406465093202,0.6117777589818347,0.6069946893263385,0.5951692047011425,0.6010262827199213,0.6940381452341244,0.41329886626238044,0.30407769937144624,0.5234483434152999,0.5166840481996462,0.09922537787502506,0.6120085039595322,0.6001614655675835,0.6115258943878406,0.35507039539625945,0.16124717672584243,0.016832138901457405,0.5345167069645154,0.4810270597080797,0.5409886080584387,1,0.0003265822424888368,0.0,0.0,0.0,0.0,0.0
2014-02-07 15:44:24,0.6958432304038009,0.6322608530103366,0.0003265822424888368,0.5705912896663996,0,0.0,0.9900347509562257,0.27513116788214353,0.0018909706022455213,0,0,0.5802568905140193,0.5652916866041728,0.010330483125580688,0.36876913793313365,0,0.07135947037259607,0.3042053449245942,0.728121637758216,0.5548168756712564,0.0,0.709121262397496,0.29156612617211825,0.44136258766229997,0.7599018452059618,0.7802902166753704,0.33759872245093536,0.558839193003172,0.55551999988515,0.5807682469328914,0.5489630886318523,0.5446943988383277,0.5588903338186901,0.5514929033225848,0.5618264595234679,0.5634263526971455,0.5586009147519613,0.6161128074048863,0.6114122846176269,0.60282000121284,0.6695039513340362,0.3599791949874669,0.7128195098901755,0.43778265852950327,0.6357593397637882,0.6066294275354025,0.45362018486374156,0.469694831987126,0.6566984722612252,0.336824713747788,0.6079635048521599,0.8621919000229112,0.8655392469115561,0.48827192252504936,0.6082019946459658,0.6058614071518305,0.5860611388126893,0.6036851309970395,0.17642640495736384,0.12496600695380389,0.17074351130250842,0.1480307914790493,0.3792606571532602,0.39573098207511626,0.6005141822743338,0.6029045214900641,0.5333415393364858,0.5911189550724072,0.571393540233835,0.22939387987465576,0.20868033031406608,0.5824035146202036,0.5948124059012363,0.5669617735437953,0.583631314825233,0.6864867680010296,0.41086658477812343,0.3052368262159497,0.5227630395683454,0.5134808418626766,0.11002963027742907,0.5569586741476504,0.5443865122739426,0.5548666203851962,0.3638075106850924,0.15363041644535813,0.016900688884761705,0.5111607590085243,0.47363858663612257,0.5348235306777971,1,0.0003265822424888368,0.0,0.0,0.0,0.0,0.0
2014-02-07 15:45:07,0.6942181593121681,0.6518598177486652,0.0003265822424888368,0.5350906370445507,0,0.0,0.9928763285320867,0.2750664366001644,0.0017540684524443122,0,0,0.49696378350094683,0.48290034263342413,0.010866619386455034,0.4220149516846454,0,0.22630681488924145,0.3316364403697884,0.7291631028050174,0.5510694350610752,0.0,0.6923592928016028,0.17958394644004416,0.44136258766229997,0.7603409834235708,0.822573130878768,0.3396714943608763,0.5678288948245831,0.5548011101695798,0.5798339898878371,0.5473622534830574,0.5429057611170389,0.565461056481458,0.5571874403938168,0.5699972964874389,0.5721049456397425,0.5569037854623649,0.6200861562484361,0.6078272497304216,0.6078843482981036,0.6519136477747249,0.39778398678506677,0.7258484383257682,0.44159514461169325,0.6456953814741615,0.6095054291867905,0.4538312480297275,0.4710069804613747,0.6649378718301939,0.35257050641665444,0.6681842469759536,0.8621919000229112,0.8655392469115561,0.48827192252504936,0.5919984430465526,0.6040292507918936,0.557713584213638,0.5992636339494553,0.18053414406903556,0.13103972163003275,0.1756152164872773,0.1540664665304632,0.3840913929537617,0.39167576844200047,0.6380045564501864,0.6409715629502064,0.48514052999809776,0.5904626243909614,0.5732366383067937,0.19200629965204152,0.18457940523827165,0.5684868326127299,0.5924146484627268,0.563565233228621,0.5845918773974628,0.6817712572934178,0.409119885574871,0.305807091103379,0.5196468227347382,0.5116828626504326,0.12706585744228083,0.563011754275542,0.5537854834544325,0.5552763018091174,0.37573139635584457,0.13956300608764582,0.016854689751956975,0.4794548835369554,0.45765551603633625,0.5275200237578728,1,0.0003265822424888368,0.0,0.0,0.0,0.0,0.0
2014-02-07 15:45:50,0.6915710414506044,0.6564821341895346,0.0019015593013191705,0.5138148354284198,0,0.0,0.99212403856264,0.2755729574064624,0.001587892316532209,0,0,0.44605474566797443,0.4417496500887637,0.00955831798051523,0.39728611679288317,0,0.2206426651408192,0.33476330289704986,0.7283051442344155,0.5471835577694897,0.0,0.6906470254352491,0.07165113362932285,0.44136258766229997,0.7708012706783323,0.8647612678542466,0.3404771803789677,0.564143987850055,0.5477984854863597,0.5778024324264548,0.5444300645394804,0.5400023434447416,0.5600602780151356,0.5518237293821788,0.5667930439091113,0.5682409998916496,0.5542801849585428,0.5901457810018798,0.6011458862043169,0.6033184489253784,0.6468406076737327,0.4527481317395743,0.7375322170236638,0.46273424646624384,0.6550439148873382,0.6106400123356694,0.4534549184224508,0.4719417587593523,0.6834965285982797,0.38165680473372277,0.6745661908211238,0.8669146525199516,0.8655392469115561,0.48827192252504936,0.5738732778334263,0.5969345600136977,0.5364337208186196,0.5935853534972129,0.18960282656285976,0.142869682885856,0.18264684433229195,0.15849746260260567,0.3444184732290463,0.3424915047029211,0.6566196418513146,0.6604886303831781,0.45626794926057146,0.5860908408763295,0.5758288081627809,0.1817490286792225,0.18370271635376412,0.586796292334407,0.5924146484627268,0.6022164972481194,0.600897657615505,0.6781807287771346,0.40883437524831834,0.3064616536568625,0.515699096671216,0.5055939601559409,0.13621381459101367,0.6123476014770635,0.6144123141924513,0.611253249259029,0.38532228624069137,0.1310921546160867,0.01669202448442486,0.4478243039653471,0.43770204237177013,0.5100631601841159,2,0.000358780168878857,0.0019015593013191705,0.0,0.0,0.0,0.0
2014-02-07 15:46:34,0.6903733565287204,0.647680008781542,0.0002783755966125309,0.4574456523528969,0,0.01772912220830098,0.9899384521455924,0.2754640589735613,0.00215773311427867,0,0,0.4164753006893376,0.4146228321830406,0.01120326277736137,0.4027872262603388,0,0.23272809913810608,0.36130990334139723,0.7174092777397234,0.5455469402554483,0.0,0.7076577564571035,0.5551739001572151,0.44136258766229997,0.7800434100323432,0.9203834857278969,0.3394311887103232,0.5777753458677121,0.5847265186320926,0.5776403154379726,0.5447871707982819,0.5403280893082565,0.5754251859744375,0.5638335720962573,0.5790714849394725,0.5792017471618207,0.5546267119276818,0.5927268393780345,0.5956641207058571,0.6075545149452957,0.6489074372366215,0.5328176042723518,0.7468368708517357,0.5362764125799808,0.6674073887994576,0.6135493401909038,0.4536890221766372,0.471877163864315,0.684868420117982,0.3699838622915621,0.5963314827744615,0.8658068257887221,0.8655392469115561,0.48827192252504936,0.5731259000510116,0.6018855133721033,0.5828693108622183,0.6025148671025313,0.1993667310527758,0.15847931148085537,0.18649216525247891,0.16376924132180481,0.2846376409731106,0.28461415282810254,0.6533839363702412,0.6542329741491446,0.43905772264981957,0.5812123891887353,0.581535267395511,0.1902264780512266,0.20604434175420216,0.6048714108732325,0.6109553776742249,0.6370079689909511,0.6263489254464627,0.671642661788489,0.40660749220046566,0.3061130604097979,0.5044973064956395,0.4965233080042626,0.14452209094788426,0.6658070828757179,0.6736576138925532,0.6699533172537739,0.38532228624069137,0.13891883066604283,0.016370605831590113,0.4247220353289656,0.41753873441173295,0.4856082588437616,2,0.00039097809526887715,0.0002783755966125309,0.0,0.0,0.0,0.0
2014-02-07 15:47:17,0.689043524806797,0.6389482043286812,0.00015212473791565668,0.5132209440567497,0,0.0,0.989814799184948,0.27561995691976815,0.0015578783459648839,0,0,0.424883292918001,0.42706159504886804,0.010522607913383771,0.400057756227628,0,0.22862967980930557,0.3239221308813177,0.710875378526967,0.5375121735234496,0.0,0.7071465820635126,0.5591623691837095,0.44136258766229997,0.7953935434113903,0.9788211560619339,0.33927087640415055,0.5510409873991474,0.5607937001860213,0.5696667071573147,0.5361404703721696,0.5317694674979712,0.5478948337191747,0.539069715917964,0.5532707168916062,0.5551868688197339,0.546059469235789,0.5765676386380951,0.5995472715005272,0.5865526596943145,0.6669155093091073,0.5890086308333506,0.7539877137939999,0.5847838151729796,0.6844003194632944,0.613798043204687,0.455094924734434,0.47200546676795885,0.7082791309112215,0.35277799123953457,0.5061875610714939,0.8698372386970508,0.8698945149380433,0.5044980594609925,0.5863063336003496,0.5855817606619453,0.5910837968506089,0.591901973895113,0.21209530290701384,0.17950288743496134,0.18858462049685842,0.16817341658644436,0.23319062999228946,0.23487549986140266,0.6282402973053134,0.6300948754626277,0.4223427524645986,0.5891619087243003,0.587502463094798,0.21055490327465032,0.2310185012691388,0.6051062495957495,0.6039466249619112,0.6336359368189681,0.6225527860440305,0.6618573448467278,0.4044139213990232,0.30612106936679817,0.4885807993476601,0.48310036505666165,0.15192704667422097,0.6798109578699751,0.685227761840614,0.684597643832201,0.3744587335359563,0.16244718856928747,0.01617998211165289,0.41574792742380096,0.40118011422671906,0.4700965427896111,2,0.0004231760216588974,0.00015212473791565668,0.0,0.0,0.0,0.0
2014-02-07 15:48:00,0.6885634471914628,0.6342109731562608,0.002966432311981843,0.5003551272804714,0,0.0,0.9931262783489156,0.2751922111922688,0.0016490509639670095,0,0,0.4792504117050559,0.4683632861904687,0.009969651634765197,0.4140182696873402,0,0.10912142881424222,0.328074616092471,0.7101762834507543,0.5378566568582495,0.37502992433362264,0.6905868979783888,0.4597893987829598,0.44136258766229997,0.8101525496723851,0.9905924494240285,0.33798305953702745,0.54294146944782,0.5472804398470915,0.5591413774779439,0.5250263638969281,0.5204798989735806,0.5405752749398791,0.5331441567415092,0.5447630430259545,0.5472544402496429,0.5345595401939756,0.5837816551141044,0.5909472645699694,0.5658436609628668,0.6526563473537017,0.6190042438097789,0.7602995918393689,0.6045810991503926,0.6860727718193362,0.6155275239625349,0.45915973961575274,0.47247329936016313,0.733064101003797,0.3510873741642939,0.552662913248624,0.8683293518421424,0.8655392469115561,0.49789656160108287,0.5752426344414756,0.5677778397179241,0.5836473126101964,0.578941051207047,0.222822999259483,0.1900407589829043,0.19351360326520828,0.17183336411103767,0.20530795407918223,0.21201014686897057,0.5998665649889388,0.6016586786354925,0.40387029336900104,0.595906619468652,0.5838274205857017,0.23856045022227157,0.25793973423964855,0.5916841220166278,0.5880799338921117,0.6148809601041068,0.6036919773367426,0.648682058199112,0.4009868224878137,0.30517071838443854,0.4720404343727591,0.4682570754519806,0.14966380823947567,0.6527603532486825,0.6575208288255592,0.6583908798539042,0.3613141284001255,0.19309285504344653,0.01624367675877819,0.421155821148647,0.3920785324450706,0.4578547437537648,3,0.00045537394804891755,0.00021460454375149646,0.002966432311981843,0.0,0.0,0.0
2014-02-07 15:48:43,0.6868254658592878,0.6399258371195167,0.005580670527486064,0.4551260729289819,0,0.0,0.9920047581984658,0.2757068455366453,0.0014421455307831559,0,0,0.5449275931485642,0.5354909663355298,0.010866619386455034,0.39728526072231557,0,0.14131874526880056,0.3084603948572513,0.7071736677058986,0.5253917408629085,0.631930662212753,0.6738789884875033,0.3539363777391777,0.44136258766229997,0.8142743565807653,0.9496817918881167,0.3386692439646677,0.5260216101624151,0.5267310329580248,0.552176600057042,0.5174563718743006,0.5130316543498843,0.5264820714806275,0.5221564027167718,0.5291622396233684,0.5313489182569582,0.5270408908930744,0.5847286480315192,0.591174036499579,0.5564466150667284,0.6427782515358853,0.5940464088197548,0.7661134221616646,0.6239773191598694,0.6907108284613823,0.614656566008267,0.4841667424611942,0.4730514014985868,0.7337815382327744,0.3364942749558111,0.5887139443925804,0.8683293518421424,0.8655392469115561,0.5082542479410197,0.5688969456325292,0.5619936807777384,0.5746361326240388,0.5693583903170163,0.22884652342007228,0.18846463606884112,0.19307951640986687,0.17320192064795892,0.20743493156139792,0.22007441184493448,0.5770809127049994,0.5799000152681002,0.44342129773771033,0.597224400415642,0.5869282932688771,0.25270171719062073,0.26266393502286967,0.58334038181194,0.5777323737649027,0.5978891280435148,0.5898009514374705,0.6335795541184541,0.39469795786179573,0.3025292557697068,0.45510573052811765,0.4545089736203294,0.1178316089868745,0.6329439868680229,0.6319129481890959,0.6348163547108365,0.34687574896394274,0.20153701893141052,0.016308153782349455,0.4343999821616582,0.3902944028969122,0.4574229712236919,3,0.0004875718744389377,0.0002770843495873362,0.005580670527486064,0.0,0.0,0.0
2014-02-07 15:49:26,0.6843322404737204,0.6489337799571544,0.0026263827541430774,0.5317259844490483,0,0.0,0.9916409174968328,0.2756144987214244,0.0016228386792488565,0,0,0.6101566059563375,0.6086712891801342,0.010238253361616502,0.4356995884773663,0,0.02747329296385375,0.31496980804672614,0.7062423384451171,0.5210724228252785,0.8335240435560014,0.6640415662140726,0.23578048092954546,0.44136258766229997,0.8105019004736844,0.8617182350104341,0.34001133040056963,0.5236313874887395,0.5152118571221944,0.5478512030064828,0.5127061979682758,0.508060346285053,0.5275421744081814,0.5209112582016981,0.5268006837142025,0.5285571691198601,0.5222484876304041,0.5703305304435418,0.5880048350832991,0.5577546089157552,0.6325785744570682,0.5252160728663724,0.770323117930265,0.638111460311146,0.6912734423392064,0.6155434409554168,0.5401340379107278,0.4762577915744458,0.7717072117358521,0.3584108199492846,0.6023094068187387,0.872176099836995,0.8700329338447217,0.5082542479410197,0.5700094851770903,0.5646665087192924,0.5745942013609984,0.5728571792939308,0.2307982044414616,0.18614336162230027,0.1960597741997523,0.17399800194917736,0.23745310991656998,0.2556637706639746,0.5685943711717791,0.5716171988751078,0.519431705758179,0.6041641673141518,0.5872978181061674,0.2502672692764025,0.2566033573754507,0.5789471065580702,0.5749301693042161,0.5732675746212887,0.5759118670492098,0.6194139926952527,0.38673113100926515,0.29913182906116553,0.44266887534988086,0.44279667235101794,0.09136955007131886,0.6009726794434451,0.5951281138541642,0.5978798391536486,0.3333497702493778,0.20336204247556855,0.01639269646065089,0.4458197526028791,0.3940209984945733,0.46014444084371786,3,0.000519769800828958,0.00033956415542317606,0.0026263827541430774,0.0,0.0,0.0
2014-02-07 15:50:10,0.6909119801947075,0.6598283825665767,0.002124495458175288,0.537914091033338,0,0.0,0.9991460217405496,0.275825244185042,0.0016088556113369977,0,0,0.6425815227463958,0.6301797854389972,0.009371129711510755,0.3896507916940609,0,0.09315482138595682,0.31191239319384334,0.7018536546618659,0.516586594761473,0.5773217740233441,0.7250860426334613,0.12010179897956569,0.44136258766229997,0.7992498224089049,0.030966154499895003,0.3405176654772766,0.5164778519903295,0.502108109097526,0.5426689018739452,0.5070411783301119,0.5024447670268402,0.5222067919016757,0.5144155839666151,0.5200214944181212,0.5217383867735783,0.516545642067249,0.5496859867607347,0.5777379270701477,0.5549512719291103,0.6304514484077419,0.47537817628183254,0.7739202851470521,0.6460193925504985,0.6989800002006641,0.618876061340111,0.575057453911179,0.4877318847718718,0.7275500157930903,0.35340044570813234,0.5880131204013876,0.8705224901960251,0.8673852802915669,0.5082542479410197,0.5693383499603986,0.5623853969025063,0.5671577171205859,0.5654955192395885,0.23252731043576902,0.18618648936372972,0.1960843370586287,0.1742091909741823,0.28676932961734813,0.305618436644465,0.5729569443348452,0.576755810194485,0.4983976572080415,0.6014700715086441,0.5950450695833374,0.2392397891294964,0.24087970905674183,0.5655642846125915,0.5609410898725171,0.5281230943116597,0.5541640314699521,0.6057617216108502,0.37885010350358694,0.2946897085717015,0.4350965569987739,0.43383772686191246,0.07656345534951747,0.5503159621631584,0.5346446012568258,0.5441335380630203,0.3273878274140016,0.1926419986353483,0.016504162093120223,0.4515207509683441,0.3971769677883603,0.466832478394146,4,0.0005519677272189782,0.0004020439612590158,0.0027130362126309413,0.002124495458175288,0.0,0.0
2014-02-07 15:50:53,0.7121123415074777,0.6676425843122509,0.0021913821856152566,0.5103634593239299,0,0.411904554885445,0.9935538776083809,0.27605260027388945,0.001692465060531452,0,0,0.6273343385275603,0.6193962446488872,0.009886139885720516,0.37235550289770375,0,0.2215261931064,0.3774132760207263,0.7006838706580003,0.5244867848969734,0.0,0.6760234333263256,0.21005339330146316,0.44136258766229997,0.7866248382987744,0.7908264662549033,0.3375122167583018,0.5366197257814012,0.5304452845249209,0.5400157415595819,0.5042291838657225,0.49943110413347963,0.5301467892379501,0.5282291126030598,0.5380854665507517,0.5397897288251825,0.5134451057715506,0.537611949667645,0.566454876972406,0.5589339233849868,0.622960806326728,0.4459282355431464,0.775471668730642,0.6525515299584659,0.7029949419820469,0.6203817093855539,0.6135322494632929,0.5155297139842997,0.6763633556741233,0.35973257511719225,0.5782020203605063,0.8737525743837689,0.8708094683907661,0.5082542479410197,0.5649659391353588,0.5624769798338365,0.5517664176050685,0.5588160130109339,0.23549157784496577,0.18848478412986247,0.19476630906791037,0.17413627811230392,0.34211224724896194,0.3612338362961496,0.591437166157371,0.5964134465049271,0.4607713335786361,0.6044930152660877,0.5982369494770965,0.22373624042676576,0.22048836481114442,0.5445009428376677,0.5547601818665102,0.5080562111083395,0.5417708813149469,0.5957933728458393,0.37102416307855846,0.28977628132452393,0.43295263307039256,0.42900783672043463,0.09292486790169996,0.5166766359442425,0.5014934401704929,0.5038367783528335,0.3273878274140016,0.17990498423595858,0.016464721115817926,0.44696551059991774,0.39769502022479775,0.4655086528668744,4,0.0005841656536089983,0.0004645237670948556,0.0027996896711188052,0.0021913821856152566,0.0,0.0
2014-02-07 15:51:36,0.7062794821183633,0.6693302872353755,0.057496162870499294,0.4762767292283474,0,0.0,0.9969410128601112,0.27583672115345126,0.0017540684524443122,0,0,0.599379242336689,0.5917834567004321,0.010284011510031988,0.4073810277513981,0,0.22799172362357745,0.34356505355737926,0.7012516959993913,0.5326880616551477,0.0,0.6834302744475601,0.48950461235080495,0.44136258766229997,0.7758529045670002,0.8440279344056105,0.3400323869932558,0.5221600338720974,0.5282086510104474,0.540616385001909,0.5050626636148435,0.5003334947288931,0.5225876448026676,0.515065662434468,0.5251581682841996,0.5268804217016547,0.5144781541405368,0.5460436685848462,0.5622420150800789,0.5674104926448145,0.6326010660035966,0.4490672352262639,0.776679890418277,0.6542047126443264,0.7210577291778362,0.622234049432211,0.6402671541979277,0.5462965433379642,0.6440663679160181,0.35200184430954096,0.4781833665876061,0.8758010323177283,0.8694978484595186,0.52823657335699,0.5636893777553285,0.5663408836160126,0.5324497456338442,0.561814689212417,0.23834545763965287,0.20118231000242326,0.19468189435203342,0.17440279746982434,0.3787309879374061,0.39390282285718037,0.6176597138511188,0.6214850317175589,0.4326702049021436,0.6029750585808411,0.5972614103725267,0.21028950031392712,0.20854289273774418,0.532806272980114,0.5557097097706123,0.5375174019830453,0.5576835055534497,0.5890529943480474,0.3649896090166014,0.2848438497725998,0.43453360302112,0.4291949631679297,0.10985323093320976,0.5755711496210969,0.5665756968728255,0.5677204345382849,0.32520676340956184,0.16545460926655747,0.01611012049724808,0.4369375832536748,0.3951776235781803,0.46429923667638606,5,0.0006163635799990184,0.0005270035729306954,0.0028863431296066687,0.002243052194039696,0.057496162870499294,0.0
2014-02-07 15:52:19,0.6804824194573609,0.6645107290910914,0.059799386384124624,0.5756783370163383,0,0.0,0.9913043292569209,0.2761343552339461,0.0017540684524443122,0,0,0.5559282010324049,0.5446509787483615,0.009168173578232535,0.4033889804567333,0,0.23027491947549905,0.34329263518084263,0.7034247444407147,0.527030405391673,0.0,0.6725819706819491,0.39301764465040506,0.44136258766229997,0.7722125201043131,0.8924056698463466,0.3399222197686347,0.5148044446321861,0.5142057704268942,0.5329607576143744,0.49593448983622823,0.49146227664482584,0.5125560242847971,0.5054112832278403,0.5179147882990384,0.520209388319467,0.505335503688578,0.5571020545479684,0.5570048575056923,0.5503055025965127,0.6247094044334185,0.46698242497447184,0.7775497202444894,0.6576261919370376,0.7266239704743134,0.6225036434991518,0.6548427440743199,0.5760651820138546,0.6528105781028692,0.3724045185583691,0.5313091374722045,0.8758010323177283,0.865574187606446,0.52823657335699,0.5249882501177492,0.543069859858206,0.49586295044533024,0.539729208936615,0.24584701596480873,0.216676713470068,0.19468232339760316,0.17475782549210472,0.3859487124955048,0.396117066684631,0.6401152649924762,0.6438757432536748,0.41177833523014895,0.6029596998285451,0.5887683200505371,0.20114249410308593,0.20471635425732027,0.5382647806596381,0.5396280782981506,0.5509810225277887,0.5546256257125952,0.5843572640973942,0.36153131034289987,0.2800810995130554,0.4337882989428392,0.42736852365948885,0.12161838681887016,0.5752240009055232,0.5771491322970688,0.5779205979350346,0.3244069066233651,0.17173128108323438,0.015998125610124203,0.4246118383251607,0.3885277979712327,0.4570735130019321,5,0.0006485615063890386,0.0005894833787665352,0.0029729965880945326,0.0022947222024641348,0.059799386384124624,0.0
2014-02-07 15:53:02,0.6616983372921617,0.65456631694855,0.27029392269360625,0.5136139442620333,0,0.0,0.9904282846385397,0.2753584944672161,0.0014709634653529893,0,0,0.5155234043679221,0.507114434953646,0.010354852900931856,0.4079882988470061,0,0.22294287220708087,0.32737883919794536,0.7117708997009107,0.5533390480135785,0.0,0.6732598759044526,0.28159898487497853,0.44136258766229997,0.7760320533620568,0.938526454643814,0.338220217552591,0.5008324009010292,0.4956933014767926,0.5268250927917115,0.4898783455403799,0.48541845516741305,0.49701483156425064,0.48986546457012237,0.5047919440161,0.5064195087846337,0.4987773189963269,0.5570015193081606,0.5540527456220277,0.5379118541318153,0.6089878134101303,0.5080033606161063,0.7785354338507746,0.661372355004537,0.730001464244485,0.6241545341046439,0.6614855447687518,0.6026020065362051,0.6612143015784095,0.3369015599784859,0.5740088439803666,0.8758010323177283,0.8690360041462961,0.52823657335699,0.5087420628730301,0.5306967071954318,0.5162152740940575,0.5297369556835063,0.25292222212667737,0.2203217699799338,0.19293825315597868,0.17392061895271493,0.36701028985087847,0.3717243824137135,0.653960295346135,0.6578543286769893,0.39965284657253486,0.5980768111680654,0.5772344896960602,0.20452039677099076,0.2180552015434465,0.5385543487454543,0.53943158985581,0.5564184664533975,0.5535218767033729,0.5822117104812137,0.35790840042230165,0.27604553540013277,0.4315814832057183,0.4244613044029679,0.13157690144346268,0.5857005039576375,0.5859566834879351,0.5861741797925708,0.3269111737243983,0.17410891021407288,0.01601876654165285,0.41568264943327726,0.3804604763653563,0.44897593731878693,6,0.0006807594327790589,0.0006519631846023749,0.0030596500465823965,0.002346392210888574,0.05844017506675559,0.27029392269360625
2014-02-07 15:53:46,0.6487136596299887,0.6452170602067433,0.28338239281272287,0.5051918839968792,0,0.0,0.9934107004960557,0.27599745771873035,0.0017058388033815639,0,0,0.4946901782289379,0.49070670331326144,0.009331636959547564,0.4322367513250704,0,0.11773525611103278,0.3275939528173825,0.7173461948963189,0.5491320818411694,0.2698479539217632,0.6580869457587846,0.16756823426854056,0.44136258766229997,0.7829503708310825,0.9753822062073597,0.3378176458913893,0.49727865989093734,0.48454430180303865,0.5233861282746042,0.4856164834384221,0.4810905964466052,0.49658713899409945,0.4844740970410082,0.5010764985971173,0.502224037475872,0.4942482738107434,0.5340873312847023,0.5470712277890915,0.5312599683379702,0.6050742843142043,0.5628358696940736,0.7784790352072037,0.6684205343936136,0.7276496205524705,0.626435638147063,0.665026257381433,0.622505659628804,0.6733496457564891,0.3563667102128676,0.5756122839452908,0.8763974742217642,0.8721331831779371,0.52823657335699,0.524298555855454,0.5284992145768168,0.5299742855266416,0.5360483789094435,0.25551053171834126,0.2201422888741864,0.19161303865196455,0.17233997936387202,0.33424842047076186,0.33906997341803047,0.6493176209044329,0.6548969232645756,0.3881529449787493,0.5946596594350266,0.5715432252729125,0.22296551640697393,0.24360329248122703,0.5422162406897897,0.5445382945501382,0.5656748557503555,0.5566481948073321,0.5785363012698805,0.3549224856525779,0.27291335448783927,0.42668495830345377,0.42104340070656243,0.14070784924809154,0.5970318548018536,0.6018338207546075,0.5965251782780348,0.3273878274140016,0.17684976488150334,0.016012967751524387,0.4128058936330692,0.37440095383138194,0.4449208248686629,6,0.000712957359169079,0.0007144429904382147,0.0031463035050702604,0.002398062219313013,0.05708096374938655,0.28338239281272287
2014-02-07 15:54:29,0.6418094075139678,0.6376635605386234,0.28606644231779416,0.4451188386514602,0,0.19982658552902471,0.9939636814170955,0.2762981601918076,0.001681279862542297,0,0,0.4900467815391064,0.48638718302566614,0.009735813082641565,0.4217386628355289,0,0.1629302881862264,0.3561972690750757,0.7184184437326955,0.546230994089713,0.4221706161766857,0.6349702745264356,0.5232912790483495,0.44136258766229997,0.7889605892355112,0.9760322258871753,0.3350186386120493,0.5060057154252627,0.5134173964133039,0.5204688330668634,0.48261956101690273,0.47810951400994867,0.5033565935439073,0.49539225885057414,0.5090042185319884,0.5096460864761274,0.4912879451454279,0.5215846707789664,0.5358233400804355,0.5292257494834329,0.5914769480789825,0.5891017575528916,0.7795191833251938,0.6918908630329854,0.7340903349076413,0.6260665628746089,0.6672481096584084,0.6368857840308856,0.6879432187501626,0.3582187043725469,0.526691457007848,0.8778565783414247,0.8721331831779371,0.5454468941194683,0.5304837339997199,0.5316921738403311,0.5376376027442245,0.5406269113685136,0.2607511437216745,0.22180967705925436,0.18906525879653358,0.170549243449589,0.30530842519538437,0.3110512302029482,0.6367589816082133,0.6424018171598092,0.37718884712018674,0.5830062914568988,0.5683597510184968,0.2466306566419343,0.2633452009981374,0.5485738025464082,0.5504085114404642,0.5720964698182218,0.5606637249539013,0.5741555560173779,0.3512961632579572,0.2698748376489395,0.4206294530292165,0.4154742543713681,0.13962132553569684,0.6116523568461476,0.6135863736089879,0.6108083571203915,0.3244069066233651,0.18172549346249356,0.01585713677235795,0.41785621262269523,0.37082085792865405,0.44283219369236404,6,0.0007451552855590992,0.0007769227962740545,0.0032329569635581243,0.002449732227737452,0.05572175243201752,0.28606644231779416
2014-02-07 15:55:12,0.6332014653240101,0.6328560084110713,0.0007773532119491194,0.5378317585880978,0,0.0,0.9955376127697714,0.276342946922001,0.0015116902499440737,0,0,0.5115323093569064,0.5063628567782044,0.009895631525204366,0.40768325236808145,0,0.0695623845861116,0.3187570980871005,0.7181872463078791,0.5518313924270808,0.6698099225496292,0.6508518106949819,0.5334069340144292,0.44136258766229997,0.7989255013144057,0.9407203269836732,0.34009197497977506,0.4829773259315072,0.4928574376731949,0.5142817539992814,0.4761567027119228,0.47154587281341104,0.48110745139823163,0.4748374540792839,0.4869770619545244,0.48825623137587654,0.48459923065750526,0.5087764812273727,0.5302238570185152,0.5188086360133646,0.5991814991237865,0.6180558614334819,0.7815425197370698,0.7051565532336987,0.7404141209293946,0.62814273563367,0.6709067275033012,0.6472304273587909,0.7091424233656287,0.35443786982249037,0.4429931111791019,0.8758010323177283,0.8721331831779371,0.5317110816383881,0.5307234968050851,0.526498824353892,0.5336930328427885,0.5340864364914282,0.2650794580848028,0.22850253620524885,0.18564533655889792,0.1690454901755878,0.2910358476805044,0.3007897285591068,0.6206017126484009,0.6246280426380888,0.4291375863687321,0.5791573881315413,0.5622773010720585,0.266815697336626,0.2805959609144315,0.5422162406897897,0.53943158985581,0.5608472320935576,0.5530272767735589,0.5703294147163096,0.3476999031344874,0.26682736163780185,0.41394882486293927,0.4098008722013522,0.11655424873087472,0.609935083663788,0.608443672015504,0.6074785654774173,0.32142598583272847,0.1945669567794362,0.015740240526911198,0.4277375876486287,0.37220514937972826,0.4391954493780692,1,0.0007773532119491194,0.0008394026021098943,0.0033196104220459877,0.002501402236161891,0.05436254111464848,0.2888840862046043
2014-02-07 15:55:55,0.6271611856411621,0.6320944839213709,0.0007773532119491194,0.5734246235486165,0,0.0,0.9954491439574682,0.27594836343741164,0.0014276247492085586,0,0,0.551376265186464,0.5467196061700481,0.009166400137162793,0.408341792578794,0,0.005190884540082927,0.31232348613882316,0.7215796837196897,0.5436157280797109,0.8686982194362595,0.6651899338992353,0.4344050119139012,0.44136258766229997,0.8037860573562654,0.8519501730772863,0.3385434471042381,0.47428736466633326,0.4785123756344122,0.5054011011680646,0.46669332890070314,0.4621214327041568,0.47436119221174544,0.468108052210094,0.47815978541420134,0.479998626669455,0.474740601896296,0.5128660586164582,0.5259600351420053,0.5065707832728634,0.594550633256671,0.6070471505614912,0.7820719935699936,0.7159374408163928,0.7388113729475967,0.6291977338181383,0.6749294435321052,0.657712981526673,0.7589169397111215,0.3814723737800705,0.47321440245602187,0.8780085553243124,0.8721331831779371,0.5482188987729604,0.5186315262006067,0.5117251038769446,0.5215799497835238,0.5160433677794343,0.26919609619800666,0.23060098398773698,0.1846837381753701,0.16754372362806857,0.29424639242768214,0.30704858415396563,0.6091480023183611,0.6116639755573923,0.458152872572839,0.5647298881831637,0.5572242186513701,0.2734119005040081,0.2858447439009919,0.5239062834284463,0.5197697793793861,0.5231051721312614,0.5239992602843051,0.5646814682908008,0.34447349019555573,0.26328685966352605,0.4107471257720512,0.40613749845024794,0.10487920088276004,0.5686565913027177,0.5583032621163158,0.5627852246324645,0.31844496378798887,0.21210180565181058,0.01584503294851841,0.4405055748050224,0.37642366420486706,0.44523139146768775,1,0.0007773532119491194,0.0009018824079457341,0.0034062638805338516,0.0025530722445863303,0.053003329797279446,0.2917017300914144
2014-02-07 15:56:38,0.6211919975912483,0.6357648947501104,0.0007773532119491194,0.580463498733728,0,0.0,0.9932224754712591,0.27582778150967746,0.0016895088917267247,0,0,0.5877280128813831,0.5832008671908115,0.010069247676171374,0.39226047525994107,0,0.03572205646388501,0.30543565549086527,0.7226640546700962,0.5361361117405681,0.21288424230628866,0.65107144883205,0.34119816779677287,0.44136258766229997,0.8016256208765222,0.03529477525312736,0.3400631035691848,0.46320128651098724,0.4618656462237115,0.49870752230932425,0.45942515599457,0.45463456116062034,0.4609143163278897,0.45532457854248065,0.4677110151284354,0.4690565709630659,0.4673584100648271,0.5096376513790979,0.5212829277937798,0.5000357442721652,0.5754596171460236,0.5975508679536108,0.7827889017009522,0.7158363254005526,0.7384455004204518,0.6304830309933696,0.7043673506047194,0.6647827967091487,0.7555234379402593,0.3865134865134934,0.4907546148475319,0.8807547731509,0.8721331831779371,0.5482188987729604,0.5081732532050713,0.5035319156561018,0.5032999398816838,0.5050008776979205,0.26910300664265474,0.22299797702576507,0.18387134038877329,0.16470588352160376,0.31701902793472314,0.33294850033296486,0.6025469998721091,0.6075680304747868,0.45778636702029285,0.5584955999734464,0.5514243275043995,0.28156345254499815,0.28817501404602197,0.5092587156511055,0.5008315849685339,0.48254515625382943,0.4991086037575041,0.5605586201353534,0.3401809228727246,0.2605609636377062,0.4088139255476648,0.4049905485135099,0.09351164878708029,0.5160566936950124,0.5023994155597897,0.5120689482892589,0.31844496378798887,0.20686046160136917,0.016007145950323987,0.4480636027375393,0.3834954642741355,0.4540528044399885,1,0.0007773532119491194,0.0009643622137815738,0.0034929173390217155,0.002604742253010769,0.051644118479910406,0.2945193739782246
2014-02-07 15:57:22,0.6142342176574882,0.6436837203558561,0.0010268420196174136,0.48882638941490164,0,0.0,0.9960675104489801,0.276207672114401,0.0017540684524443122,0,0,0.6055911242448837,0.6031445271065425,0.007426813864938424,0.41725833825415376,0,0.09242390240736204,0.3122921843965034,0.7195750688627791,0.5284639590452009,0.0,0.6448329369835736,0.22862283399160954,0.44136258766229997,0.7950923348546601,0.791025159715187,0.33678641554545274,0.4599168719000105,0.4514040242749999,0.49459415112013017,0.455201658764947,0.4502893848997626,0.45735435182427797,0.4519223759714164,0.46468758928453335,0.4660978105633197,0.4628743063241852,0.5130857648966245,0.5095850634247965,0.5014482593032472,0.5744551542489402,0.5821869727800666,0.7831357112703707,0.7213800052555552,0.7339483612795823,0.6321279527265311,0.7202822813396623,0.6729739319688636,0.6992010637960338,0.3915161761315602,0.5440416449838352,0.8794115801457603,0.8721331831779371,0.5482188987729604,0.5010325350101343,0.5011726597076906,0.48742668343917206,0.4976392176435782,0.2636567177162723,0.21301357815950195,0.17919098952817758,0.16222366745536387,0.3514156705363254,0.3689314534163959,0.6077629720735453,0.6116247390988749,0.42137646268166495,0.564713505514048,0.5495964242410232,0.28011107281231107,0.28309895332772905,0.4867793759857504,0.4903768039908094,0.45710858693254597,0.48429875777271825,0.5587716185997389,0.33724814519849455,0.25788787243007505,0.41070790875338314,0.40530823656980863,0.10668766753685366,0.482320753099593,0.46772526656941515,0.4731772864244137,0.32142598583272847,0.19243456131476755,0.016117092852045378,0.4550761393433034,0.38846784531538403,0.46256346201897935,2,0.0007551094754958166,0.0010268420196174136,0.003579570797509579,0.0026564122614352085,0.05028490716254137,0.29733701786503475
2014-02-07 15:58:05,0.5890945435080788,0.6487125262202831,0.00015212473791565668,0.5119354601450592,0,0.0,0.9936621756372347,0.27602141478389314,0.0013625576269962365,0,0,0.6016237607501931,0.5997336662203228,0.010525328232419515,0.42792741891299585,0,0.22585549724877474,0.3131627211752656,0.7188841083630864,0.530776149903941,0.0,0.6355206440129951,0.11832729007498544,0.44136258766229997,0.7863410972821094,0.8352863168808313,0.33841298306089374,0.4555492574760768,0.4414524802413,0.4913604961891509,0.451339556314598,0.4464808762698747,0.4518859326855591,0.445967506898723,0.46028616844006753,0.4616710489882166,0.45903250837605253,0.4965695414514144,0.4998919648335347,0.4992266911601204,0.571132147885268,0.5668011802427386,0.7846298544395904,0.7205180778802076,0.7327390959991424,0.6310649960456214,0.7276495805297358,0.6874446666012833,0.6797592252246192,0.37404902789518246,0.5551035938149669,0.8831722286976322,0.8779532726440342,0.5657923494300565,0.48802465042532805,0.4949868299762876,0.4570861308558527,0.4892453248207467,0.26082233573393077,0.20858732142419578,0.17687532332605982,0.15944383976216492,0.3887747366853027,0.407874756626442,0.6201853872506469,0.6248322428156765,0.39922999605716925,0.5580085568728623,0.5461690247987374,0.27319206138814245,0.2757589971646408,0.47184323520192706,0.4843744311684528,0.4719191942491401,0.4846069726455662,0.5580309781986814,0.33588153060184833,0.2551435150796444,0.41596063984825005,0.40820923013653654,0.12047245486072711,0.49488014844514794,0.4920837666613149,0.49102816714431086,0.3303688494587412,0.1721554499077375,0.016173055778999468,0.45339975530448307,0.39206023919879884,0.4661071307507094,2,0.0007328657390425136,0.00015212473791565668,0.003666224255997443,0.0027080822698596473,0.04892569584517233,0.3001546617518449
2014-02-07 15:58:48,0.5763933960054857,0.6488308712423319,0.00015212473791565668,0.49131612255898105,0,0.0,0.9952155659553299,0.2760863820960709,0.0017056779918188762,0,0,0.5719676608736914,0.5694057847722558,0.007938019081629149,0.43223979513153304,0,0.214741442090119,0.31867565468231873,0.7216725135929172,0.524803955206756,0.0,0.6208925620637006,0.020228415137861472,0.44136258766229997,0.7784133903179875,0.878886142452067,0.3374973468964564,0.45052015478212515,0.4317062307244779,0.4858020836433339,0.4456018056873403,0.44077982467839866,0.44482915492557296,0.43929371867880596,0.45545454635955185,0.4563333947170471,0.45311929088085606,0.47210416824008394,0.4911762787388829,0.4883983953040403,0.5526656310984395,0.5697414676418628,0.7859200084850495,0.7199740388887985,0.7358779050938735,0.6315693657575743,0.729900873558301,0.7045314205755139,0.6612578687236672,0.40733113040805335,0.5904520576244687,0.8855803029491247,0.8764503748061463,0.5682012241889307,0.4643799247305296,0.4813573984076518,0.4395204680135194,0.4755537373677763,0.2577849765256339,0.20686569683702682,0.17522971904272633,0.1575537675237968,0.4185216867126611,0.43336075829844445,0.6376844892939066,0.6441573927885096,0.38427541101873164,0.5522846911977795,0.5427490611143324,0.2666002344092493,0.27132373606162163,0.4755051271462616,0.47623512186023653,0.49211150147937843,0.493773331501842,0.5601237004677955,0.3351696235212409,0.2534708647718831,0.41994089615767183,0.411296994397057,0.13107076974085807,0.5203404046532141,0.5253661476037248,0.5234044193253533,0.3363307922941173,0.16264639389890856,0.01606448954159434,0.449144405902423,0.3923198803160519,0.46530777574750504,2,0.0007106220025892107,0.00015212473791565668,0.003752877714485307,0.0027597522782840866,0.0475664845278033,0.302972305638655
2014-02-07 15:59:31,0.5725335385233006,0.6452153450614944,0.0038395311729731707,0.5065399405669524,0,0.0,0.9933299599937929,0.2764416075450358,0.001394271426034788,0,0,0.5417549204306409,0.5389208220982553,0.009166400137162793,0.3884463638180697,0,0.230637587728244,0.3616437722387104,0.721101338720018,0.5357133154710829,0.0,0.6229265204252851,0.5459442666754839,0.44136258766229997,0.7775170072863606,0.9376297457530961,0.338315949071917,0.46928977638324976,0.47568656121275943,0.48646583691332057,0.4462383612126041,0.4415341062787413,0.4647123700124356,0.4578384657967791,0.4727011361436875,0.47196375120779516,0.45379014628576414,0.48267704255730237,0.4812482546205423,0.49560887779255136,0.5555981459308965,0.5911365763748586,0.7865687331812441,0.7210948706555111,0.7384402197860394,0.6359709116955079,0.7300334280533811,0.7169370401540048,0.6684814908298264,0.35838008145699973,0.5275034191319721,0.8819384841369595,0.8787271194443176,0.5682012241889307,0.46745922151324404,0.4885805043830391,0.46901330180910694,0.4868072750405217,0.258302518457429,0.20785611017177597,0.17310476359642735,0.1557481311609008,0.4364667271938818,0.44863650067752525,0.6545592733080998,0.6607624326263093,0.3759400426404991,0.5522741107239757,0.5369119911779581,0.26208812665410264,0.27353087990398617,0.4945564185104656,0.49905870067279867,0.5196355879383407,0.5156594997405657,0.5633061005683502,0.3344161167573112,0.25220137721481595,0.4238454292835827,0.41544935161219576,0.14065283854008714,0.5648763170220805,0.5679167451891871,0.5654583840280392,0.34294076138832746,0.16176725267082742,0.016081586768044553,0.4410523587652506,0.3895137885728084,0.46539292197009474,3,0.0006883782661359077,0.0001870162388302927,0.0038395311729731707,0.002811422286708526,0.04620727321043426,0.3057899495254652
2014-02-07 16:00:14,0.5684277876283836,0.6366533399880971,0.0047158670301322815,0.4944041381384743,0,0.0,0.9954611431756887,0.27626334573750705,0.0015276482848601957,0,0,0.5170785537341909,0.5162961100627173,0.009166400137162793,0.4108769345926575,0,0.21491929697399442,0.3179971231834441,0.719903641953584,0.528563443960735,0.27013369408428184,0.6338290663164592,0.5511348258378104,0.44136258766229997,0.7816916428524983,0.9868295442300595,0.33865730465953625,0.44178767656862283,0.4510637809148599,0.47979947054907535,0.4386320906248987,0.4339584163009828,0.43512197019919596,0.4265320395494214,0.4470689643157675,0.4478357960390115,0.44616933534218967,0.4688600676969976,0.4863804346275131,0.4765953901228466,0.5599112588853572,0.614023474477364,0.7868992685152048,0.7229275875676149,0.7453779172770514,0.6377337186572021,0.7290153753969613,0.7247809593760931,0.6750606033197215,0.3363175286252158,0.4065193192941905,0.8849548832664584,0.8737019307869631,0.5682012241889307,0.4738174502178678,0.4755174933353503,0.4772717398442987,0.48291539742211853,0.25713414954842073,0.21538560393812922,0.17240370313521836,0.15523217829360259,0.43927188766615544,0.44802424293291754,0.6673019257090456,0.6753776722373908,0.36904173410838403,0.5511129890504041,0.5368182359698968,0.26805184187337927,0.28117063257556785,0.493865335913906,0.49122958377863224,0.5224727659265689,0.511395456184708,0.5657899250370757,0.3352716727443912,0.25124926154701543,0.42494513231858244,0.41695650217267666,0.1483131833452136,0.5756473992025528,0.5811508725887764,0.5785482051338171,0.34592168217896396,0.18081050324152342,0.015877616626383095,0.4358202631931021,0.386580105279938,0.46159834563343827,3,0.0006661345296826048,0.00022190773974492875,0.0047158670301322815,0.0028630922951329647,0.04484806189306523,0.30860759341227534
2014-02-07 16:00:58,0.5684880064233386,0.6252321877878231,0.0047158670301322815,0.43787907229996215,0,0.0,0.9965166676259262,0.27625316693519036,0.0014474598503938629,0,0,0.4995660597733892,0.49437218091488716,0.00891672333657099,0.4046908418458454,0,0.05704972741560955,0.30940190024144537,0.7229656720073352,0.5242555892055534,0.4454423177620918,0.6476665723193454,0.459654437039918,0.44136258766229997,0.7884818295245841,0.9901126197360869,0.33922648389688925,0.4287277431929166,0.43689149646423264,0.46916332232829183,0.42805717866960047,0.4232273531190827,0.4125037973054473,0.41643605790613414,0.43234562921943864,0.43254417063542844,0.43521184893595605,0.46523000991620744,0.4790049961168492,0.4558316656781525,0.5600897556269544,0.6387130038375759,0.7861815186134464,0.7242377389233938,0.7442860329558358,0.6360470148177253,0.7289341644348468,0.7298512891005132,0.6857236621216352,0.3349189272266244,0.425378806698971,0.8833869561220145,0.8787271194443176,0.5682012241889307,0.46145712584587795,0.45884044063335594,0.4655264394295333,0.4660841019649924,0.2587909636538781,0.21916712272075078,0.1717509103006225,0.1549243350252627,0.4355096882803564,0.4441349043236835,0.675313298467215,0.681257852622744,0.3613524897430449,0.5509817570446756,0.5384241980252242,0.28540909253553526,0.30057820013033165,0.479167019090597,0.4733521277354402,0.5002582966071598,0.49234340864292747,0.5675346114179309,0.3363992516606966,0.25094451394590167,0.4262438120243355,0.4172101545625324,0.1489739756205486,0.5574583220261369,0.5629778531593974,0.5608410221955973,0.34294076138832746,0.20139663250493683,0.015898855845782156,0.43579683421135473,0.3837767805823493,0.4580875271073195,3,0.000643890793229302,0.0002567992406595648,0.0047158670301322815,0.0029147623035574036,0.043488850575696195,0.3114252372990855
2014-02-07 16:01:41,0.5670544645545483,0.6175363310641941,0.002966432311981843,0.513595282241111,0,0.0,0.9962177040533156,0.27606186445918635,0.0014849176374371782,0,0,0.5150517142292806,0.5114179483228378,0.009166400137162793,0.39742613189016324,0,0.04170355162785201,0.29292612023440784,0.7257784012159756,0.5200932479541038,0.6976771186821833,0.61815897735998,0.4009435914379103,0.44136258766229997,0.7927765011739731,0.9436261469425615,0.3375004945314455,0.41611372694256177,0.41988866002617864,0.46324350469600817,0.42143425423563474,0.4166567262029996,0.4075096111110279,0.40755470842440067,0.4191445665299457,0.42128414431920486,0.4284789793271621,0.462501336383065,0.4712076089371582,0.44913097046438466,0.5445457042581765,0.6523871524391271,0.7869138592090636,0.7288781754266842,0.7402505721378791,0.640069039956626,0.7299526437688257,0.7334555955549548,0.7277635895160399,0.35040344271114066,0.43821417146303965,0.8919939817948668,0.8787271194443176,0.5682012241889307,0.45726729590191173,0.4545016992615629,0.4615899526631404,0.46003023681840194,0.2581827318974812,0.2111163931703519,0.17051547358210906,0.1533183646737779,0.43220783672637975,0.44058040797304443,0.6761801328431758,0.6828791713259961,0.39263684552462363,0.5464978546382835,0.5381432556948611,0.3055753413620086,0.3240378320986572,0.4716845200483615,0.4652237898630913,0.485036817478246,0.4801041232354706,0.5694620792365044,0.337074596519634,0.2517789386693077,0.42535392907538916,0.41620835213639884,0.12906350119177423,0.5411352283959125,0.5414126608548369,0.5410573587300922,0.3393117130847539,0.21154990819338465,0.016071024686024837,0.4393187756951298,0.3830682631700226,0.4584360413576538,4,0.000621647056775999,0.0002916907415742008,0.0047158670301322815,0.002966432311981843,0.042129639258327155,0.3142428811858956
2014-02-07 16:02:24,0.5669356997089423,0.6100703038036777,0.002966432311981843,0.5125710666223178,0,0.0,0.9960865261592109,0.276556760778201,0.0015532135543065966,0,0,0.5385568360890419,0.5349899497894985,0.009166400137162793,0.3861449290691634,0,0.0003195975600040285,0.29003394718110637,0.7256724922197162,0.518402823195917,0.8887433641913084,0.6264387890657825,0.2854813972155681,0.44136258766229997,0.7965710047249164,0.8467893197487891,0.3377441648952626,0.4060834208460754,0.40286522235513733,0.4555166616313904,0.4136881431087396,0.40879597190496225,0.4030023778988594,0.40027698603481143,0.41158347759888836,0.41275058935053505,0.4214629120801227,0.46653304470728507,0.4673535053334721,0.44161530584524833,0.5375010647593834,0.6478048144500452,0.7881810048526683,0.7416539179471504,0.7347268776672391,0.6399745328113884,0.7314270991878122,0.7360779709161854,0.7426730243128352,0.3490202105586775,0.5042938544535014,0.8880763529026459,0.8787271194443176,0.5802048731353118,0.44997961012962673,0.4454713235923604,0.45083786746689736,0.4489872466241138,0.25688257777477363,0.20268045447491168,0.16920130700151947,0.15170712949711684,0.434456182715913,0.4451381058662549,0.6754627878563595,0.6820101690664879,0.4278332268088807,0.5429697785831074,0.542914264256813,0.32731006762755754,0.344105938956496,0.4562622830105134,0.4505420138668974,0.45120068276803593,0.4533593236940554,0.5697790673189045,0.3369720598001946,0.2515097562670767,0.42254150859376804,0.41586842947369607,0.11152114232431776,0.504368722137527,0.49461230814330825,0.4983938680064499,0.3393117130847539,0.21491471236914617,0.016153151201772797,0.4480880011943933,0.38610847772059387,0.456778049945717,4,0.0005994033203226961,0.0003265822424888368,0.0047158670301322815,0.002966432311981843,0.040770427940958115,0.31706052507270577
2014-02-07 16:03:07,0.5633443176875979,0.6061340454616406,0.03941121662358908,0.5368448670111459,0,0.0,0.9968633230065485,0.2760831366808395,0.0014169822902434757,0,0,0.5638417166664864,0.5583833140467753,0.01064368196242665,0.4054711026087451,0,0.1666718570120311,0.30108731360989943,0.7240583370357618,0.5129980024937904,0.0,0.6043659450461741,0.16969116919197796,0.44136258766229997,0.7968940477067277,0.2857982103744261,0.3389576324531587,0.40586431317151084,0.3960124770254978,0.451913611562369,0.4101636747161279,0.4054485207650807,0.4010288265989461,0.39738131859361214,0.41122765495670754,0.41246144084668507,0.41746239764272136,0.4510025570280014,0.453853186323971,0.44336504959579326,0.5246497779079418,0.6372704206131212,0.7897163947910659,0.7473355442363974,0.7269095773583898,0.6424665370094953,0.7341465997247503,0.7386110663767237,0.7418580345629531,0.34982709598094175,0.5052295939492044,0.8939636368488106,0.8787271194443176,0.5881849070998335,0.4487742753570485,0.44478694027399257,0.4429987420621089,0.44530641659694226,0.25170105914116436,0.19225573879400248,0.16811056590145323,0.15029148754257915,0.4453050914874015,0.4560756973211513,0.6726767410156707,0.6805466491637944,0.4334026894187981,0.5427702854560637,0.5420918047764398,0.34321159205994656,0.35360985839488235,0.44254760210757826,0.44291437243137466,0.41746450283789827,0.4385140451333358,0.5702169916128359,0.33723287031477467,0.25209603906850675,0.42198903658423736,0.41456530366157707,0.09875202027447438,0.4572791591897092,0.4466030576087743,0.45461315082128984,0.34294076138832746,0.20278996336188665,0.016341174670580938,0.45845039745247806,0.39120368484395307,0.4669485868794958,5,0.0005771595838693932,0.00036147374340347285,0.0047158670301322815,0.0032397814576778003,0.03941121662358908,0.31987816895951593
2014-02-07 16:03:50,0.5601468669499177,0.6015271653279939,0.03779256874467472,0.44553489194140994,0,0.0,0.9957502429841689,0.27608567400547496,0.0014470339510208059,0,0,0.5777820923867931,0.5752892877006681,0.009166400137162793,0.4291999836649053,0,0.19920330194942526,0.30706118735064214,0.7225584646768377,0.509600952318038,0.0,0.6031350007022961,0.05799999133706002,0.44136258766229997,0.7941911589004547,0.8025406248619339,0.33783457799684835,0.40538593856065197,0.38800491414777116,0.45011388139451647,0.4081890428504764,0.4033499871321872,0.4010170044460273,0.39693220079894287,0.4110712892512408,0.4123575671181862,0.4152153253956438,0.43405476767532125,0.44690937887932947,0.4461678935579947,0.516779650797206,0.6343641118819374,0.7915556639881052,0.7476583253017475,0.7276318172707372,0.6436001253463184,0.7381412972604955,0.739808067429384,0.6816221942403287,0.3595788826558106,0.5150956093028283,0.8893038432664919,0.8787271194443176,0.5881849070998335,0.4426377520080136,0.4443847717494531,0.4248899935840118,0.4398601884725002,0.2469628907636563,0.18777437438909184,0.16741443946429801,0.14889779891566457,0.46640279672524887,0.4798229930171254,0.6788976424553947,0.6851379971835045,0.3969095841070347,0.5435068229550546,0.5465970658176109,0.35439584272390423,0.36695635481003164,0.41523764982163236,0.4316237675212582,0.4023934364309225,0.43005925006225,0.5694205152383385,0.33699659711340435,0.25166369113552345,0.4226768705614288,0.4155642600580909,0.11292063796822471,0.43519140776145004,0.4318761880166493,0.43520586134686745,0.34592168217896396,0.1879438332141981,0.01641787057335148,0.467211059254965,0.39725306154386075,0.4723018488341151,5,0.0005549158474160902,0.0003963652443181089,0.0047158670301322815,0.0035131306033737582,0.03779256874467472,0.3226958128463261
2014-02-07 16:04:34,0.5592670034458536,0.5955481689966895,0.04217658378054947,0.44295294645866257,0,0.3265789992098053,0.9946898374960113,0.27617931898678844,0.0017540684524443122,0,0,0.5846018581357255,0.5809164665090449,0.009166400137162793,0.4322342148196849,0,0.23031868093133276,0.3515754294471484,0.7190982391273608,0.5116161505835497,0.0,0.5847889668846971,0.5101866524765994,0.44136258766229997,0.7899318483687581,0.8538414357244971,0.3359239635584188,0.42514264495106324,0.43211208219245933,0.4512702387137917,0.40963085502391416,0.40488819561329686,0.4211330710511392,0.4152659166639987,0.4295324686738837,0.4300235918568633,0.4170746793895917,0.4361042153200012,0.4380922824161555,0.4564080112527895,0.5137408992981678,0.6258433945847064,0.7922397430578809,0.7484868193541157,0.7308133240665744,0.644161696751441,0.7445828483728048,0.7430834868324342,0.6646887814127407,0.35814185814186317,0.47645091922131844,0.8942138047218771,0.8787271194443176,0.5881849070998335,0.43301814723542886,0.45015001682338607,0.3908867704339132,0.4413945344675225,0.24454776174113269,0.18738905633561243,0.1665725447947708,0.14862859747739376,0.48738990182611364,0.5008411917822286,0.6862636088065066,0.6935356228659844,0.3798065182433277,0.5508431869684058,0.5457914176159246,0.3599602950992611,0.3731309291545073,0.42662683032404747,0.44260168650917286,0.4434979175286564,0.44519090149695373,0.5699300497941706,0.33691096026531486,0.25155292318785816,0.4256776050220916,0.4180214508809974,0.12678383421979667,0.47536688599077337,0.4753820847670962,0.47184403746991066,0.346734550117389,0.17504501150863316,0.01631158243206826,0.4759623494647529,0.4033590089549284,0.4784423829576909,5,0.0005326721109627873,0.00043125674523274496,0.0047158670301322815,0.0037864797490697157,0.04217658378054947,0.3255134567331362
2014-02-07 16:05:17,0.5640167608979283,0.5869861639232923,0.32833110061994636,0.4501400200452057,0,0.0,0.997611850509265,0.2763353054443198,0.0014616024735280772,0,0,0.5757007543997024,0.5732648393737754,0.007278871702429505,0.400365117267717,0,0.21726363623504438,0.31859735126422734,0.7153609594717054,0.5072584071552639,0.0,0.5880152205588578,0.5294226678003968,0.44136258766229997,0.7860703504111022,0.912532505727246,0.3375878685371796,0.4044085202864196,0.41318062579654813,0.4466680848043232,0.40468688635491745,0.3998668721446605,0.39892672809197927,0.3944070405076294,0.4098085597388814,0.4106146858082786,0.4119211114327815,0.42875141117147564,0.4403304449214298,0.4438067994973123,0.5219445712584836,0.6215414435295932,0.7932829776688028,0.7499203750077212,0.7381087468202094,0.645984192436444,0.7523028676785419,0.7478261120207034,0.6583028797409458,0.3124106662568238,0.37069797362496004,0.8992690720168681,0.8805664334599261,0.5881849070998335,0.41649457749831065,0.43636678565811327,0.40500750215971326,0.4333217140465173,0.24291514492073984,0.19600556522117962,0.16707184657673646,0.14904193592191217,0.5059696031339547,0.5176842433084006,0.6968707228007542,0.7040078336442397,0.3673790311167693,0.5454838356811462,0.5491719394541799,0.3698924410096227,0.3788796197346542,0.43442775475274775,0.4321892951700246,0.46454320425230655,0.4597119477189917,0.5716351752611082,0.3361668784296379,0.25175056795722184,0.43249558311550107,0.42269890056097026,0.13662568963555943,0.5126278305289116,0.5155181439370145,0.5151998469761372,0.3518836250143402,0.173114122790413,0.01600219856985724,0.48117667132661035,0.40881162614200184,0.47962499035969186,6,0.0005104283745094845,0.000466148246147381,0.0047158670301322815,0.004059828894765674,0.042258450268197634,0.32833110061994636
2014-02-07 16:06:00,0.5781062861730959,0.5827771974869691,0.2841437377777165,0.434594556617828,0,0.0,0.9977014378927582,0.2757620470993541,0.0013557294172836624,0,0,0.561736227136233,0.5627424247792221,0.007051707015715547,0.38530645550766635,0,0.2157810939331593,0.31303606686837154,0.719500741163597,0.5051515611163002,0.0,0.5983006560930927,0.4398607342339102,0.44136258766229997,0.7847318468989284,0.9628551874776691,0.33762813655721335,0.39727919037042203,0.398282632406888,0.4390469651757656,0.3975999324152355,0.39274531264088847,0.3890730384579124,0.38491138566217,0.40107042600446297,0.40180767754198804,0.4045492023006934,0.43201905167315147,0.4374771954070784,0.4291279827362553,0.5087123637466897,0.6223375511347491,0.7940192465281513,0.7496480157424741,0.7388276674766405,0.6476500052227632,0.7558491270994936,0.7516055785452121,0.6558020308919472,0.30613232920924816,0.38708540028468796,0.8968970636337426,0.8831666035046415,0.5881849070998335,0.41572211992453934,0.4223122898321048,0.4124439864001257,0.4232214364339155,0.24583431738958894,0.20053081972658537,0.1675259913124707,0.1495533193183025,0.5169784670731277,0.5252011869672146,0.7090836147384632,0.7162441497160899,0.36289907998417625,0.5476594882702648,0.5505556370076377,0.3766011379634606,0.38993433839598746,0.43442775475274775,0.4321892951700246,0.4612173050557411,0.45468343420292,0.5756743946491609,0.337661542051511,0.25200631160109643,0.4365437914941359,0.4275620536736282,0.14527141478496997,0.5128447392761597,0.5148713510294014,0.5124124906679715,0.35486464705907966,0.19331259609245088,0.016059035917544984,0.4840859045428958,0.41383289165648107,0.48585369141441936,6,0.00048818463805618147,0.000501039747062017,0.0047158670301322815,0.004333178040461631,0.04234031675584579,0.2841437377777165
2014-02-07 16:06:43,0.5815989762804854,0.5767450316530045,0.2747513670021441,0.39836937847785947,0,0.0,0.9969751801255524,0.27641490662881374,0.001398991496667749,0,0,0.5484674743292723,0.5484392827705373,0.007731985895748577,0.42817935731041146,0,0.05143614432171654,0.2944161175124319,0.7203260816773689,0.498979987185103,0.2980550227116878,0.6001874204987303,0.32478747170767436,0.44136258766229997,0.7845913610126742,0.981184898848057,0.33709282153077846,0.38243826053812224,0.37827926586393645,0.4330475944212766,0.39094014988639847,0.3861799103385832,0.3757035303342977,0.37162333085777455,0.3883169859233889,0.387203716196784,0.39786187900151054,0.4330979664418271,0.4319969587081447,0.4162398307545683,0.5039513340358353,0.6278272454047626,0.7944322754004687,0.7515276208514392,0.7363293238984994,0.648556279004989,0.7576098831607505,0.7576939060776923,0.6679553701952425,0.3094751402443734,0.420193232167124,0.8973542454217716,0.8792964735879707,0.6029965343154355,0.4135492068014388,0.41184446032766786,0.4124439864001257,0.4154416820993134,0.24620967527443427,0.19931594610121417,0.1679226439418391,0.14940739425822147,0.5205986585751337,0.5286567325712506,0.7169526409451947,0.7239657141589877,0.35786858064010785,0.5477043699575297,0.5472464014568912,0.38946172624160846,0.3956776005619891,0.43076586280841234,0.4285921603106315,0.45406140779580006,0.4472032776588879,0.5808405993127919,0.33990694995834336,0.2524284786565367,0.4414923647898401,0.43212495066140844,0.15231228757507242,0.5062077104902851,0.508381551977255,0.5060141328195744,0.3578455678497163,0.1997939169747061,0.016187644798608347,0.48514780294319726,0.4167349076490825,0.4888711904735159,6,0.0004659409016028786,0.000535931247976653,0.0047158670301322815,0.0046065271861575885,0.042422183243493956,0.2747513670021441
2014-02-07 16:07:26,0.5814517747817067,0.5709924344943147,0.00044369716514957566,0.4716836765498531,0,0.0,0.9995725024288248,0.27661871870534605,0.0016606494979258864,0,0,0.5377268630579151,0.5373182094276909,0.00818168916272252,0.4146607030888548,0,0.21359514576086813,0.3009183676072693,0.9448574602879145,0.6442457436495974,0.5536283079096013,0.5969232458754901,0.21015477543064998,0.5697793923535297,0.7857648814787466,0.9526515848781224,0.33715783647417563,0.3812628751791596,0.37203371854767775,0.4282429100740539,0.3865940241524547,0.38140514167743683,0.3749268597817841,0.37175079132962185,0.3870674113248591,0.38792419750455137,0.383288390628257,0.42957776180112006,0.42826312066712724,0.406770803289656,0.49018890027822515,0.6348975769686045,0.7974446925018284,0.7501940933511382,0.7282413533571972,0.6498147162547312,0.7583648179889535,0.763005764540078,0.6612474504932795,0.3166295243218258,0.48446637570267637,0.895290777415428,0.8853210557106985,0.6050952214820864,0.4076830436032237,0.4067655895053921,0.4124439864001257,0.4152191319142462,0.24646054712661236,0.19806709304320136,0.16718532912997386,0.1494342150657244,0.5196281591986898,0.5255223351492706,0.720806201887886,0.7275660857111905,0.35239759006801563,0.548484935879769,0.5464924802665492,0.40281991289325525,0.41243338780664685,0.42344158138007604,0.4239143390183653,0.44021767075568174,0.43542995489384584,0.5858943808729491,0.3421803076524079,0.2537905443267263,0.44733407405908077,0.43637567377527775,0.13819644033424938,0.4928777681321268,0.49499340410829795,0.4910700393455949,0.3578455678497163,0.2052495583381947,0.016334317371143325,0.48853175580343966,0.419924542665,0.49627475836455437,1,0.00044369716514957566,0.0005708227488912891,0.0047158670301322815,0.004879876331853546,0.042504049731142114,0.2708638469509042
2014-02-07 16:08:10,0.580146197852196,0.5645383429295698,0.00044369716514957566,0.5311211154180135,0,0.0,0.9960586635677499,0.27635884945663486,0.0016684626784599262,0,0,0.5384292529371164,0.5473396074762127,0.005946147582599137,0.43341790676414965,0,0.0009770700380640537,0.3000440039697282,0.9411882877729261,0.6306659649500197,0.7601219550514432,0.5778036853701889,0.096397743707264,0.8480075008829377,0.7894600117682227,0.8810145079418809,0.3351357523414742,0.3768022107241339,0.3613670892072869,0.42501712939680103,0.38337577930276856,0.378145393604791,0.37214206935563277,0.368730819866939,0.38259331846993994,0.38354780327307475,0.3796993656254954,0.4043355699563431,0.41717524730880307,0.4045586026109582,0.47908764716410346,0.641268577207462,0.8125715943601919,0.748625853050896,0.7062263884918984,0.6503842461562943,0.7610777761366494,0.7666813175377875,0.6907007349114425,0.34093598708983563,0.47635024114795677,0.9003512565411083,0.8853210557106985,0.6159864033307496,0.4121728278518102,0.40958076917716735,0.4132795804852911,0.4152191319142462,0.24804706911884478,0.20598408303179316,0.16656771803210946,0.15066211136774088,0.5174403852922906,0.5246741858926716,0.7235578950805577,0.7296201996112179,0.40148458445260804,0.5567846349676808,0.545013249389015,0.4146968884527573,0.4185517040408868,0.4197796894357406,0.4182221586100585,0.4267223337903383,0.4275047069507556,0.5939898458651711,0.3450131485874064,0.25563559082754517,0.4517946936662889,0.4396953894498037,0.12149957032737346,0.47905812349306487,0.4772214893453661,0.4757314907027057,0.3555592502052674,0.20356987811829252,0.016462535063983763,0.4936109974670848,0.42176001628252635,0.5071143822448037,1,0.00044369716514957566,0.0006057142498059251,0.0047158670301322815,0.005153225477549504,0.04258591621879028,0.2669763268996643
2014-02-07 16:08:53,0.5787118196112537,0.5584855953526429,0.00044369716514957566,0.5330861164444247,0,0.28282909425488895,0.9966939103154024,0.2762166117581748,0.0020189112764478732,0,0,0.5416693399624769,0.5414946278647583,0.007298914955333733,0.3890549348726877,0,0.18084891463604386,0.34287033150213236,0.9393044155518109,0.6361234231735928,0.9043706949434875,0.5648470981827979,0.5117238525775183,0.49688155013819824,0.7923053036297814,0.761240185590972,0.3363101458098492,0.39477406976984064,0.40169332085774345,0.42328120384370127,0.3817916346120287,0.3764294895517117,0.3901027629418905,0.38564172815356823,0.39788857233346697,0.39923494787363395,0.37815623488074596,0.3961981005215076,0.40587843801533285,0.4099039736291079,0.4754071687736934,0.6380278932143593,0.8272343999177307,0.7483751031285504,0.6990462344437225,0.6509617345542988,0.762819047256033,0.7710782048324815,0.7062802513445439,0.37441020517943,0.43886748935035236,0.9052099335825143,0.8853210557106985,0.6159864033307496,0.41259818111321156,0.414903529327443,0.40872574427991903,0.4162703689682017,0.25070297112663953,0.2117311813025995,0.16788145556712908,0.1516743485101686,0.513169156067113,0.5207735828011231,0.7235517726482377,0.7299931165604296,0.4344792994794018,0.5545574452319693,0.5505538588916226,0.4271641346125876,0.4383987263953433,0.41583818019891705,0.4178780544851479,0.4113480391803517,0.41809565921822145,0.6033322308023779,0.3477112780478959,0.25678765893028555,0.4557163955330912,0.44298700058183504,0.1058421786762731,0.45880746601802436,0.45321383950694827,0.4523963032556111,0.3518836250143402,0.20007482260170123,0.01649647639509283,0.5003989390064432,0.426348392876825,0.512563929284835,1,0.00044369716514957566,0.0006406057507205611,0.0047158670301322815,0.005426574623245461,0.04266778270643844,0.2630888068484244
2014-02-07 16:09:36,0.5751497106152357,0.5517742320008345,0.0006754972516351971,0.5095522102968246,0,0.0,0.9966113394239196,0.2765512435723076,0.0014467889646557729,0,0,0.5504742575526864,0.5505342682511951,0.007714824785369836,0.4779516805870082,0,0.2121386407409486,0.3173547260626549,0.9514121744464719,0.6152553947683976,0.0,0.5732622118349159,0.5318977812538181,0.7097843306403622,0.7918011946838819,0.7845715526669663,0.33779474413336463,0.3782048770712031,0.38722292866984587,0.42112261614205826,0.3793169844404799,0.3739823156803222,0.37157834720316285,0.3682681744278522,0.3836345476764653,0.3846444701374178,0.3750451739397988,0.39591414977102435,0.40362702591417143,0.4128601481932872,0.4819230176572997,0.6387828488772316,0.8403528366483437,0.7474732188550077,0.7020314525146871,0.6524081912824613,0.7636394059766576,0.7724774159913458,0.7020736540475063,0.3997540920617837,0.3410437047438988,0.9003512565411083,0.8853210557106985,0.6159864033307496,0.41262025132960467,0.41559936051222746,0.4001525691739545,0.4152191319142462,0.25452154268291105,0.21953229271320884,0.1700805286356275,0.15315296969417624,0.513357602547976,0.5207757915231457,0.7235458202834821,0.7294223113856524,0.41250581715664625,0.5533394961749027,0.5535564502532442,0.4427786325646599,0.451229276720567,0.40266631507196937,0.4095277943873121,0.3893834568111254,0.41261865665882524,0.6125396579383107,0.34960796360937696,0.25874700274965146,0.4582542968840362,0.4465294180741024,0.10895538648175318,0.44825423978456946,0.444072654852226,0.44358934219247637,0.35045973919170675,0.20088487706694336,0.016218249524286354,0.5067753383629703,0.43133737619200097,0.5160660632738383,2,0.00044369716514957566,0.0006754972516351971,0.0047158670301322815,0.005699923768941419,0.0427496491940866,0.2592012867971845
2014-02-07 16:10:19,0.5759534642534536,0.5449496690627242,0.00015212473791565668,0.5653154265753777,0,0.0,0.998424950076134,0.2765339543602567,0.001578736108181657,0,0,0.5604886424218076,0.5607789094550519,0.005970386816324752,0.3984657820350484,0,0.17333680230921317,0.311035061287634,0.9918499518345345,0.6293496175109126,0.0,0.5853143995551419,0.4545689053033017,0.44136258766229997,0.7925737072941945,0.8425467126851224,0.33752947448117343,0.3717591976792505,0.3764301795860444,0.41455768869346343,0.3730154092770521,0.36764767693712247,0.36475127836381405,0.36132879345586666,0.3772431794616099,0.37853928461071656,0.36660664644956914,0.4041820698097087,0.4002682533567343,0.40410797826945455,0.48046250276358915,0.6480210194556819,0.8536059567068861,0.7476758574101392,0.6979071261633332,0.6557159413657772,0.7605027570126057,0.7750513082276972,0.6673648459546246,0.44152001844310007,0.3746422877544955,0.9003512565411083,0.8853210557106985,0.63596872874672,0.39126781856476356,0.39984659859002125,0.35893868436873255,0.39637088163380785,0.2629932921526206,0.2315215870137579,0.17119561807178552,0.15562227203828494,0.5170495831855488,0.5254496681947343,0.7226111289493089,0.7282979309591862,0.38081019580532827,0.5617547272106407,0.5544537522531559,0.4527282832289785,0.4552630819229124,0.3831602724527219,0.39305418343343135,0.3881652579289847,0.3973612923862193,0.6198216203399183,0.351900496157473,0.2601527783207578,0.4586587562747231,0.4490582932680549,0.12829915934843095,0.43077745683492275,0.42370751931654027,0.42890124013088915,0.3516856732430869,0.2028392667916129,0.01636855784618757,0.5128360119930535,0.4363760126042002,0.522865489452488,2,0.00044369716514957566,0.00015212473791565668,0.0047158670301322815,0.005973272914637376,0.04283151568173476,0.2553137667459446
2014-02-07 16:11:02,0.5787176742163194,0.5362264403360975,0.00015212473791565668,0.49394746750887286,0,0.0,0.9966281179917701,0.2769065870363718,0.0015302627290942096,0,0,0.563223857188355,0.5650205294064166,0.006024914113476204,0.41850027470353324,0,0.148199574711086,0.3063999748408566,1.0,0.6403865360355447,0.0,0.5732404907152832,0.3532154238585687,0.6811816404837057,0.7902521221064127,0.8893919073804081,0.33712169294136873,0.36489809390862193,0.3629852550443411,0.40925437880880855,0.36775837861356575,0.3622983181674732,0.3568020028822112,0.3539383406961294,0.37042587646924385,0.3710302342286586,0.3599414611972887,0.40962568523348164,0.39601105627816846,0.39549878543428285,0.47191858634409023,0.6402052965947584,0.8683815595515663,0.7450132873674975,0.6926216637423268,0.6553025969568695,0.7593365050172658,0.776032943692098,0.673585003052068,0.4354799047106752,0.41344213538629493,0.902620279149821,0.8853210557106985,0.6263569858725493,0.36428948700289965,0.3865541324806827,0.34551461784453164,0.38209116155693046,0.2683127953043669,0.233533452588073,0.17326844448134238,0.1577035667005171,0.522349191777721,0.5310112302471226,0.7228087474591907,0.7296164465586639,0.3581395103912355,0.5566380442096566,0.5579138043713527,0.4561478883989558,0.45956880132473055,0.37806546626929816,0.38272806747632515,0.4006836330294803,0.3976185425950529,0.6265299494897267,0.35449430141213045,0.26233555846592904,0.4637484746929146,0.4521627779525912,0.13912498457750322,0.43587812759443967,0.43968376945322696,0.43995121888550504,0.35486464705907966,0.19703066775122408,0.01640450114055525,0.5194195558640642,0.4416738289593771,0.5302211035951057,2,0.00044369716514957566,0.00015212473791565668,0.0047158670301322815,0.006246622060333334,0.042913382169382924,0.2514262466947047
2014-02-07 16:11:46,0.5815529758121176,0.5341459691513961,0.0047158670301322815,0.48737843614460274,0,0.0,0.9962564472918068,0.2764953929265526,0.001398991496667749,0,0,0.5635993611811827,0.5615158679783518,0.00754546176478379,0.4377777790460305,0,0.008386591053601324,0.2978360045788856,0.9992696426297107,0.6747643937229288,0.0,0.5690002005259788,0.23968099109522678,0.6501211920104115,0.7890734891895896,0.9411667961099334,0.33611814007550955,0.354693554772498,0.34721626736524236,0.404617601342514,0.363003858234089,0.3575258976473506,0.34577926693673056,0.34357451169337105,0.3606936578951597,0.36174705480792774,0.3539368486505356,0.40940401729009945,0.39001561413915375,0.3855253939635066,0.46091926300466035,0.6395828577368545,0.8839467434062338,0.7415010216530371,0.6908286620464132,0.6588575578358853,0.7578058703863089,0.7775669615884314,0.6699414637518988,0.4078690540228962,0.4788436578479649,0.9057584266442127,0.8853210557106985,0.63596872874672,0.3636148406154174,0.37625553230587894,0.36178091672855306,0.3747295015025882,0.272998069616589,0.23530277907106556,0.17410240180782632,0.15910788431410894,0.5290118965814687,0.5368080211948962,0.7256231955831411,0.7316577659613488,0.3440759129891595,0.5565260959706995,0.5572169445403998,0.46022829803079235,0.46415260357846,0.38213285304170874,0.3816139680342223,0.408044245367841,0.40276500290498607,0.6337951360607497,0.35639959940804955,0.26394861670380654,0.4676383692081705,0.45580409497414287,0.14757182485951315,0.4509139767377217,0.45617093945506504,0.45187337656003734,0.3602254442852843,0.19306125482008518,0.01648701884452619,0.5237379211480655,0.4473567258348137,0.5352934396534643,3,0.00044369716514957566,0.00015212473791565668,0.0047158670301322815,0.006519971206029292,0.04299524865703108,0.2475387266434648
2014-02-07 16:12:29,0.5840696196179458,0.5326280656077351,0.00544837181079711,0.40391199869146277,0,0.0,0.9947999659140851,0.2766763985851406,0.0015269145821054306,0,0,0.5621838707384208,0.5592690301984389,0.008591446692276856,0.42669229932183994,0,0.1208781528211067,0.3046619676765845,0.9985392852594217,0.675966517740497,0.07111001033908403,0.5729724957839489,0.1266059300225721,0.9236187917705658,0.7879295783341154,0.9798506681081584,0.33627487059014305,0.35365310767652924,0.33903187125593226,0.4019908429377035,0.3604460455371621,0.3549335499571699,0.3430624164779863,0.3426460643648328,0.3597367623524286,0.36068716466545353,0.35044623512949663,0.38743829343146885,0.383929463228295,0.38087420136202876,0.45241315152507067,0.6374774387937221,0.9009611759874776,0.7396301146443593,0.6893081410861797,0.6610680302223901,0.7565094817353915,0.7769826512449928,0.6516404214079481,0.34105894105894663,0.47489585703190595,0.9025623235925606,0.8853210557106985,0.63596872874672,0.37348123053494664,0.3746906587400973,0.3715468594494382,0.3754351606287214,0.27598263474838136,0.24005674129617383,0.17631552611873902,0.16047703686897474,0.5337214882157011,0.5417646142853512,0.7286617927570267,0.7355544580720057,0.3360433329625274,0.5570894208743533,0.5585146459374979,0.4612222076635297,0.46833692390029613,0.3904840563413918,0.3875051303930217,0.41595316734112053,0.4079546618348937,0.6418698190538883,0.35880571859146726,0.26597800496066637,0.4728161000138795,0.45894219838356176,0.15470098029413548,0.466758260884391,0.47286843348153695,0.46515923569909656,0.3638075106850924,0.19357686070546304,0.016516219894815942,0.5265960953420599,0.4502438305258323,0.5437400959697989,3,0.00044369716514957566,0.00015212473791565668,0.00544837181079711,0.00679332035172525,0.04307711514467925,0.2436512065922249
2014-02-07 16:13:12,0.5843866046636101,0.5294396105934212,0.0038411495163101373,0.4558978023823723,0,0.05009502404306869,0.99409130022105,0.2759926190996581,0.0016579973634818675,0,0,0.554956678957002,0.5571599586295859,0.007674740685858626,0.4149531621598039,0,0.11092119532855228,0.31833342066421316,0.9978090873906329,0.6895991679060609,0.4289458549774889,0.5528873162312887,0.5560288722923541,1.0,0.7872944628377285,0.9852244666311442,0.33599440545869363,0.3595674430987075,0.3684828412186886,0.4026877143924801,0.3610449316258435,0.3553491122148417,0.3521801396809814,0.34878941861641355,0.36498148428101573,0.3651660414594223,0.3494387725360289,0.378714286695117,0.380901930568041,0.387043909249976,0.4507564337786656,0.6446057857868994,0.9185112553875086,0.737935887797768,0.690288679458928,0.6610933979297959,0.7554425033855088,0.7759030148299976,0.6543145917261253,0.3055944055944053,0.36866523538184914,0.9093345763896983,0.8905296830162244,0.63596872874672,0.3864208980872643,0.3870100562040468,0.38937522418069914,0.39313415175121946,0.2822983261278085,0.2499583697495924,0.17798644409069642,0.16234803653311847,0.5382415116638275,0.5464049183821995,0.7313097447353882,0.7381809124864911,0.3327866467704004,0.5638230391864911,0.5603477219020085,0.4664216344343224,0.46947664412476575,0.40513212165839985,0.4058573503882643,0.4328027560608394,0.42330958703575483,0.6489629907650307,0.3616695967901944,0.2677530070239911,0.47447441966041315,0.4632863068443276,0.15390328354186644,0.4934503503928749,0.5002398717581826,0.49578446855373937,0.366788431475729,0.19574081213547712,0.016335790079747392,0.5278623914107092,0.45378380426656917,0.5466120346350667,3,0.00044369716514957566,0.00015212473791565668,0.0038411495163101373,0.007066669497421207,0.043158981632327405,0.239763686540985
2014-02-07 16:13:55,0.5853024321702183,0.5273299819395199,0.007340018643117165,0.35372433560461225,0,0.0,0.9996684961745882,0.27559968782645927,0.0017365701442793174,0,0,0.5530640380267098,0.5505342682511951,0.005480133831322644,0.4411681355569354,0,0.0021001330214933914,0.29370270272391885,0.9970787300203436,0.693444221875458,0.68209223136574,0.5767834601561554,0.5247227226642537,0.44229379391120105,0.7877395655812134,0.9445636298531125,0.3344318760344118,0.3421019365448299,0.3499671780007545,0.39469488366890215,0.35295434798964664,0.3472718006108924,0.3344436180576653,0.3310654989002777,0.34779821585236803,0.3487121146927195,0.3405037116386321,0.3611686804774292,0.3804290219148321,0.3675763460676613,0.464472927356133,0.6383519490289777,0.933824469182841,0.7370020651872331,0.6966263460054227,0.6584611252319155,0.7530360419512221,0.7762156422968259,0.6617385279892867,0.3037885191731391,0.3079825072937128,0.9064887083603395,0.8853309107784879,0.63596872874672,0.3755473037468704,0.3718605470686489,0.3824272644145035,0.38209116155693046,0.2877045195529062,0.26188678423332545,0.17925802789847367,0.16606321505390342,0.5422466724053105,0.5509369950999501,0.7334893306412773,0.7394189080493594,0.3643356132418565,0.5615837331017461,0.5600236198465549,0.4694025910639774,0.4716855151898134,0.39414594828572724,0.3861860645808637,0.4108602790756679,0.4041279436340526,0.656118508473422,0.36390119230217355,0.2702232951509702,0.47703708014295954,0.46571859490806156,0.13200727933549716,0.4785632116134275,0.47782268102639947,0.47543267544809176,0.366788431475729,0.214203043473277,0.016395434778211593,0.5299446623609045,0.45571228136304054,0.5463067542760254,4,0.00044369716514957566,0.00015212473791565668,0.0038411495163101373,0.007340018643117165,0.04324084811997557,0.2358761664897451
2014-02-07 16:14:38,0.5858929109096387,0.520296171281263,0.0060716788051639855,0.46124172696146104,0,0.0,0.995273731657212,0.2760106459060798,0.0015399063974941597,0,0,0.5487706286993208,0.5450414408446189,0.00658528299075874,0.4015113640514282,0,0.08706946940753406,0.28647818209685566,0.9963483726500544,0.714697089048562,0.8811958944601527,0.5568290320359212,0.43399643850241093,0.5537999310727111,0.7877064411607244,0.8543975729041013,0.3354043867069296,0.3338073593222437,0.3369319093359118,0.3880926693129565,0.3465270728139923,0.3406104767477683,0.32778729702186515,0.32463971749468623,0.3396676613677726,0.3397850024278522,0.33284521762614955,0.3618876300460103,0.3741339350688264,0.36087811597611186,0.45476375740904995,0.6287138369441749,0.9431616714818292,0.7354760922180745,0.6919644510708862,0.6642549106410067,0.7515022783514971,0.7755019943489075,0.7022957517771369,0.30720817643894804,0.32214673545899153,0.9101905674620407,0.8893455070297991,0.63596872874672,0.36880083987205303,0.36658208518407154,0.36843687324128727,0.37104867147541754,0.2927077581895312,0.2650297728442257,0.1823370734308274,0.16806355061200606,0.5433836328398503,0.5506357254160954,0.7378204413049214,0.7442970234028414,0.40616569236835165,0.564872895232319,0.5638978113493265,0.47157086374891577,0.47566626998119066,0.37440357432496363,0.3747438543751338,0.38035677128760437,0.38078321524901604,0.6619582502157699,0.36658697185667677,0.27189323055805326,0.4786016042471488,0.4683001216499785,0.11451130204537774,0.44276711151903925,0.44008813135014524,0.4393264666095362,0.36225619657390545,0.228957648044059,0.01658879681570946,0.5300399940797387,0.456002667432011,0.5528414908669348,4,0.00044369716514957566,0.00015212473791565668,0.0038411495163101373,0.0060716788051639855,0.04332271460762373,0.2319886464385052
2014-02-07 16:15:22,0.5874443812518813,0.5097085796710701,0.04340458109527189,0.45948091039924677,0,0.0,0.9969032865045199,0.27602843668230287,0.0017298223403480872,0,0,0.5492886267968091,0.545521434971147,0.005744133514692428,0.4301796454574232,0,0.01189838639149623,0.2845313167553811,0.9956181747812656,0.7260869129114256,0.21438319727359798,0.527449336853611,0.35251282511810006,0.8533414199163811,0.7893442360605969,0.06439517882844809,0.33503741588284663,0.3294283494130833,0.3281486059533256,0.3835337080011336,0.3421018412632255,0.3362758671215172,0.3214552621300528,0.3196456117899735,0.33534037024042773,0.3362931757510847,0.3276854195632439,0.35404882383577707,0.36603894158151284,0.3593625588363043,0.4405811624205498,0.6248523501031062,0.9580366032808576,0.7315301446596008,0.6867818855832872,0.6634829364862238,0.7513498122369844,0.7742847427227458,0.7043003140149349,0.3193191423960684,0.3327636959225817,0.9099964788871866,0.891914991977079,0.6505203956826229,0.3627696516467136,0.36239565020894826,0.35224483816048124,0.3642566398722913,0.29609017868195187,0.2660043944554715,0.18478638732796737,0.16947362973239488,0.5446634985223775,0.5498500829927297,0.7383170385930924,0.7450220449189211,0.4300420020102518,0.571104623649987,0.5644330242698288,0.478960958992797,0.4838550327197666,0.3538109050744076,0.3610136010895628,0.3390451723523151,0.3614695490986293,0.6675055416577675,0.3691265025244994,0.2738722574073349,0.4816352304008884,0.4715744787274405,0.1027189312091511,0.39914998292672443,0.3925362890373254,0.3954924575318337,0.36082658989445576,0.22716050704992574,0.016817250737913292,0.5316780838518409,0.45757557916187097,0.5568412865915182,5,0.00044369716514957566,0.00015212473791565668,0.0038411495163101373,0.0060716788051639855,0.04340458109527189,0.2281011263872653
2014-02-07 16:16:05,0.5870705228998698,0.5049987908226008,0.04253023868799486,0.4286765004539266,0,0.0,0.9974584028796496,0.2765879757719722,0.0016886621183419461,0,0,0.5473115604721563,0.5461238286670678,0.005742990523500939,0.4231950291089358,0,1.9908970000692933e-07,0.30423610698170156,0.9948878174109763,0.7291336896250187,0.0,0.5208797902880506,0.23984481500956417,1.0,0.7903407379194254,0.7927574164668733,0.33459544451471146,0.3301771506768034,0.325849092020396,0.3797048521267261,0.33832394449188297,0.3323152576568183,0.317807903483345,0.3192749543329272,0.33764048914662725,0.3391782400234001,0.3229183601302243,0.37170183111452815,0.3594197492361104,0.3566346545895396,0.43764194797848877,0.6319202905755004,0.9738285040708736,0.7309237239801936,0.6870047283554905,0.6662181722318108,0.7504581983639618,0.7725465931329419,0.6593106067530021,0.29493583339737484,0.43087077380905736,0.9101180187788513,0.891914991977079,0.6382350665376144,0.35048807781958224,0.3546394718452168,0.3301920249768875,0.3491227271749775,0.29630385470750187,0.26568659963352315,0.18426659862003936,0.17047325116166379,0.5435139749891138,0.5505674759056034,0.7398524085648746,0.7454904941149576,0.3899688852056955,0.5709872145213248,0.5632470208878522,0.4828204998173584,0.483838500731232,0.3327535337754801,0.3440188469320127,0.31700562389803455,0.34191222331647975,0.6718517337069756,0.3707415777297396,0.2756005631789966,0.4851184968423974,0.4728053865379598,0.11409751863539586,0.3585757335943818,0.35341229790629836,0.35464517353886205,0.36082658989445576,0.2156068192219821,0.016877769857111147,0.534671338244048,0.4603701415482204,0.5590448934874563,5,0.00044369716514957566,0.00015212473791565668,0.0038411495163101373,0.0060716788051639855,0.04253023868799486,0.22421360633602538
2014-02-07 16:16:48,0.5853910876183459,0.501892662780147,0.04496893632520096,0.3831576358951896,0,0.0,0.9993324163761262,0.2762678008075065,0.001398991496667749,0,0,0.5551688975167068,0.5557930745107114,0.006719194034030664,0.4307834605644435,0,0.059218560994429105,0.2921059949607139,0.9941574600406873,0.724841743098541,0.0,0.5424765292077768,0.12836922427961328,1.0,0.7903225248136259,0.8391269994762688,0.3361454919381741,0.3246156037593313,0.31114404676408114,0.37799185454771167,0.3365342405833617,0.33049544836343964,0.31421666265112536,0.31331211898074307,0.3309938089420136,0.3317129221932446,0.3203995826736213,0.3597386279931296,0.35101593824465294,0.3574328611638231,0.4264693918764362,0.6353255823377373,0.9855894450920624,0.7312053249769959,0.6901329761813968,0.6652537019443603,0.7486716994232956,0.7710968294475266,0.637319143072137,0.2940059940059996,0.4491680330119481,0.9114735117044168,0.891914991977079,0.6559510541626903,0.340437602231499,0.3505933976670246,0.2927640785478651,0.342117647529518,0.30063536871163055,0.2679085495846505,0.18609315287247608,0.17181598025432288,0.5433982150080126,0.5506750406680943,0.740320434502219,0.7465396428970497,0.35879537629022407,0.569829505903819,0.5640756229508224,0.4845920838868998,0.4892846805958131,0.3281682082103998,0.3389904383936422,0.33982847183077247,0.34344892928094684,0.6766658963138494,0.37351429412243586,0.2775535269817688,0.48518861759467025,0.4754746065675335,0.12927557867240658,0.3701509883792804,0.3699334361687523,0.36949790948276906,0.3657222257717411,0.1951420011801842,0.01703024121977459,0.5366249921634096,0.46326646972475416,0.5590919032644515,5,0.00044369716514957566,0.00015212473791565668,0.0038411495163101373,0.0060716788051639855,0.04496893632520096,0.2203260862847855
2014-02-07 16:17:31,0.5853961058512596,0.5004931042585348,0.2164385662335456,0.43024191467943673,0,0.001311883232681799,0.9970922233473466,0.2758865530291408,0.001398991496667749,0,0,0.5545424274884043,0.5526405652875248,0.008998743782897934,0.45065152677332165,0,6.252466094806096e-07,0.3010989659042583,0.9934272621718985,0.7301485995246422,0.0,0.5644906412614511,0.04369591210872725,0.79935802271185,0.7894529821484404,0.8874827501790385,0.3362614117370859,0.3253318689479904,0.3075306479231338,0.37528507982930015,0.3340668345342326,0.3279515310818731,0.3143285989850908,0.313423195972129,0.3316166052272934,0.3322601854977186,0.31701433657800376,0.33446455912109574,0.3441078027889386,0.35234041168527064,0.41953768865382823,0.6385286381022688,0.9794891321076493,0.7305922448145561,0.6922690682388473,0.668261516193053,0.7468632977012533,0.7696265195597999,0.6288273381942275,0.293898409283031,0.47129977571888926,0.9126261601795707,0.891914991977079,0.6559510541626903,0.31881631410331934,0.344361278736633,0.30787246833684456,0.34079434912572726,0.30327397266026757,0.27169126636008945,0.18777651316596056,0.17381889855685184,0.5404752754851994,0.5467203238869973,0.7420484910245142,0.7471677674199215,0.3427462771843057,0.5777223687086923,0.5681620568470156,0.4918421410991285,0.49547109875297,0.337784157341944,0.3389904383936422,0.3663246579311954,0.35949745929015453,0.6804609898090586,0.3750783447161008,0.27918396058398587,0.4863380196164613,0.4759360191196269,0.14071830377178474,0.4040484265354234,0.41430575622421806,0.4048970491041963,0.36976945352046847,0.18354963184633333,0.017040895346081997,0.5391118573915046,0.46452962606606185,0.5598859720276723,6,0.00044369716514957566,0.00015212473791565668,0.0038411495163101373,0.0060716788051639855,0.04496893632520096,0.2164385662335456
2014-02-07 16:18:14,0.587589910006356,0.4973063643894662,0.22875800603640764,0.43590858244386865,0,0.18966760107834235,0.9953474556674646,0.27649135090940075,0.0016694049337100513,0,0,0.5544664026307962,0.5555290670698418,0.006287533183801531,0.41686036055916753,0,0.22410612271390953,0.3422019068354174,0.9926969048016092,0.7195476366498568,0.0,0.555280037107924,0.5728645670702182,0.8520757763748277,0.788312586102857,0.9482304157276005,0.336900490179026,0.34587989355045,0.3547497865403604,0.3770362906984568,0.33590208948452904,0.3297048879842806,0.33612775108232573,0.3316153224922791,0.34849005765834284,0.3496290001038916,0.3184635318395847,0.347888710922442,0.3387717828452388,0.36191100218557715,0.41840736880489526,0.636970527406816,0.9883785123412716,0.7303946348486534,0.6942075136940051,0.6679924195321396,0.745415722968501,0.7696736723550331,0.6295793450058556,0.29417505571352365,0.42643091435739056,0.9170180656644804,0.891914991977079,0.6559510541626903,0.3383655098696501,0.3525873173567575,0.33840701616121827,0.34959233307110704,0.3068059763694513,0.2790456353582136,0.18997376279078693,0.17636220646240397,0.5383622071479994,0.5466640014754263,0.7418680493386411,0.7474838768009322,0.3327345145150815,0.569865684298116,0.5685215595758579,0.4949448587379228,0.4931203486818454,0.3575155854300487,0.36235660457997554,0.3962322814534387,0.3857432905019831,0.6841749583921846,0.3769542304359208,0.2813833016232934,0.48932592270235253,0.4794241841722686,0.15004639402319853,0.44785546868155013,0.45864969184273185,0.4486140063464932,0.3727503743111051,0.18074969272766,0.0170468091915702,0.5414673587426295,0.4672381025876027,0.5635646286732643,6,0.00044369716514957566,0.00015212473791565668,0.0038411495163101373,0.0060716788051639855,0.04496893632520096,0.22875800603640764
2014-02-07 16:18:58,0.586247532702151,0.4937148502420925,0.26593860640337125,0.3911559585088398,0,0.0,0.9959864648818473,0.2770787415625105,0.0017540684524443122,0,0,0.551229780826846,0.5519326326429301,1.0,0.4409528496623404,0,0.028330755129087882,0.2981664145846102,0.99196654743132,0.7281577899774008,0.2460661267359622,0.540930446608669,0.5757374038172429,0.9161103187661777,0.7887661030882025,0.9924405095047705,0.337830996205309,0.3180271271490559,0.32940829598013954,0.37072113920997385,0.3294831015849228,0.3233309765824592,0.30718068589437597,0.30655536120839755,0.32413092595091897,0.32489756425559463,0.31248498896008564,0.3339275538157782,0.3457252726868756,0.3415673345668804,0.4322367986585469,0.6388029843841592,1.0,0.7303279041105115,0.706158192870344,0.6691633133210306,0.7446083068005078,0.7674709420899376,0.6362129164273238,0.3090371167294279,0.28858519849270525,0.9126261601795707,0.891914991977079,0.6600052127805434,0.34088653049677475,0.33909326925182715,0.3403414114164178,0.34366599668225195,0.3143408309587665,0.2982858356408309,0.19344441966706283,0.18042923424309842,0.5375850897554884,0.5446492052465981,0.7394393144508451,0.7466314220913204,0.32411926438228233,0.5740111821955882,0.5651395829154087,0.5000747813385935,0.49626340047212425,0.3597555090079556,0.3552630725905104,0.3954701262553817,0.3817049476010448,0.6871790839945808,0.37870710459216617,0.28301264926523917,0.4875676629114716,0.4804939355555724,0.15896426867827185,0.46144068137762684,0.4691621705253217,0.4620797256228846,0.3727503743111051,0.1953760818263442,0.016868910594414865,0.5437286594292119,0.4687967179149142,0.5687606249883774,6,0.00044369716514957566,0.00015212473791565668,0.0038411495163101373,0.0060716788051639855,0.04496893632520096,0.26593860640337125
